Composition_AA1BB1O3,temperature,pH2O,HPC,A ,A_fraction,A_valence,A1,A1_fraction,A1_valence,B,B_fraction,B_valence,B1,B1_fraction,B1_valence
La0.7Sr0.3MnO2.95,415,0.023,0.142,La,0.7,3,Sr,0.3,2,Mn,1,3,,,
La0.7Sr0.3MnO2.95,415,0.09,0.082,La,0.7,3,Sr,0.3,2,Mn,1,3,,,
La0.7Sr0.3MnO2.95,415,0.03,0.046,La,0.7,3,Sr,0.3,2,Mn,1,3,,,
La0.7Sr0.3MnO2.98,415,0.023,0.014,La,0.7,3,Sr,0.3,2,Mn,1,3,,,
La0.7Sr0.3Mn0.9Ni0.1O2.93,415,0.023,0.11,La,0.7,3,Sr,0.3,2,Mn,0.9,3,Ni,0.1,2
La0.7Sr0.3Mn0.7Ni0.3O2.93,415,0.023,0.196,La,0.7,3,Sr,0.3,2,Mn,0.7,3,Ni,0.3,2
La0.7Sr0.3Mn0.7Ni0.3O2.93,415,0.09,0.084,La,0.7,3,Sr,0.3,2,Mn,0.7,3,Ni,0.3,2
La0.7Sr0.3Mn0.7Ni0.3O2.93,415,0.03,0.016,La,0.7,3,Sr,0.3,2,Mn,0.7,3,Ni,0.3,2
La0.8Sr0.2CoO3,405,0.023,0.15,La,0.8,3,Sr,0.2,2,Co,1,3,,,
La0.8Sr0.2Co0.9Ni0.1O3,405,0.023,0.126,La,0.8,3,Sr,0.2,2,Co,0.9,3,Ni,0.1,2
La0.8Sr0.2Co0.8Ni0.2O3,405,0.023,0.082,La,0.8,3,Sr,0.2,2,Co,0.8,3,Ni,0.2,2
La0.8Sr0.2Co0.7Ni0.3O3,405,0.023,0.062,La,0.8,3,Sr,0.2,2,Co,0.7,3,Ni,0.3,2
La0.8Sr0.2Co0.7Ni0.3O3,250,0.023,0.032,La,0.8,3,Sr,0.2,2,Co,0.7,3,Ni,0.3,2
La0.8Sr0.2Co0.7Ni0.3O3,280,0.023,0.033,La,0.8,3,Sr,0.2,2,Co,0.7,3,Ni,0.3,2
La0.8Sr0.2Co0.7Ni0.3O3,300,0.023,0.033,La,0.8,3,Sr,0.2,2,Co,0.7,3,Ni,0.3,2
La0.8Sr0.2Co0.7Ni0.3O3,350,0.023,0.034,La,0.8,3,Sr,0.2,2,Co,0.7,3,Ni,0.3,2
La0.8Sr0.2Co0.7Ni0.3O3,380,0.023,0.032,La,0.8,3,Sr,0.2,2,Co,0.7,3,Ni,0.3,2
La0.8Sr0.2Co0.7Ni0.3O3,400,0.023,0.031,La,0.8,3,Sr,0.2,2,Co,0.7,3,Ni,0.3,2
La0.8Sr0.2Co0.7Ni0.3O3,420,0.023,0.027,La,0.8,3,Sr,0.2,2,Co,0.7,3,Ni,0.3,2
La0.8Sr0.2Co0.7Ni0.3O3,430,0.023,0.018,La,0.8,3,Sr,0.2,2,Co,0.7,3,Ni,0.3,2
La0.8Sr0.2Co0.7Ni0.3O3,450,0.023,0.013,La,0.8,3,Sr,0.2,2,Co,0.7,3,Ni,0.3,2
La0.8Sr0.2Co0.7Ni0.3O3,500,0.023,0.012,La,0.8,3,Sr,0.2,2,Co,0.7,3,Ni,0.3,2
La0.8Sr0.2Co0.7Ni0.3O3,550,0.023,0.011,La,0.8,3,Sr,0.2,2,Co,0.7,3,Ni,0.3,2
La0.8Sr0.2Co0.7Ni0.3O3,600,0.023,0.011,La,0.8,3,Sr,0.2,2,Co,0.7,3,Ni,0.3,2
La0.8Sr0.2Co0.7Ni0.3O3,650,0.023,0.01,La,0.8,3,Sr,0.2,2,Co,0.7,3,Ni,0.3,2
La0.8Sr0.2Co0.7Ni0.3O3,700,0.023,0.009,La,0.8,3,,,,Co,0.7,3,Ni,0.3,2
SrSn0.8Sc0.2O3,100,0.02,0.184806,Sr,1,2,,,,Sn,0.8,4,Sc,0.2,3
SrSn0.8Sc0.2O3,200,0.02,0.181122,Sr,1,2,,,,Sn,0.8,4,Sc,0.2,3
SrSn0.8Sc0.2O3,300,0.02,0.172046,Sr,1,2,,,,Sn,0.8,4,Sc,0.2,3
SrSn0.8Sc0.2O3,400,0.02,0.0583461,Sr,1,2,,,,Sn,0.8,4,Sc,0.2,3
SrSn0.8Sc0.2O3,500,0.02,0.0223575,Sr,1,2,,,,Sn,0.8,4,Sc,0.2,3
SrSn0.8Sc0.2O3,600,0.02,0.012509,Sr,1,2,,,,Sn,0.8,4,Sc,0.2,3
SrSn0.8Sc0.2O3,600,0.02,0.00958733,Sr,1,2,,,,Sn,0.8,4,Sc,0.2,3
SrSn0.8Sc0.2O3,800,0.02,0.00513065,Sr,1,2,,,,Sn,0.8,4,Sc,0.2,3
SrSn0.8Sc0.2O3,900,0.2,0.00297818,Sr,1,2,,,,Sn,0.8,4,Sc,0.2,3
SrSn0.8Sc0.2O3,1000,0.2,0.00390268,Sr,1,2,,,,Sn,0.8,4,Sc,0.2,3
Ba0.85La0.15FeO3,200,0.016,0.00371827,Ba,0.85,2,La,0.15,3,Fe,1,3,,,
Ba0.85La0.15FeO3,250,0.016,0.002034321,Ba,0.85,2,La,0.15,3,Fe,1,3,,,
Ba0.85La0.15FeO3,300,0.016,0.001340245,Ba,0.85,2,La,0.15,3,Fe,1,3,,,
Ba0.85La0.15FeO3,350,0.016,0.000934734,Ba,0.85,2,La,0.15,3,Fe,1,3,,,
Ba0.85La0.15FeO3,400,0.016,0.000776737,Ba,0.85,2,La,0.15,3,Fe,1,3,,,
Ba0.85La0.15FeO3,450,0.016,0.000742452,Ba,0.85,2,La,0.15,3,Fe,1,3,,,
Ba0.85La0.15FeO3,500,0.016,0.000749121,Ba,0.85,2,La,0.15,3,Fe,1,3,,,
Ba0.95La0.05Fe0.9Zn0.1O3,250,0.016,0.1,Ba,0.95,2,La,0.05,3,Fe,0.9,3,Zn,0.1,2
Ba0.95La0.05Fe0.9Zn0.1O3,250,0.016,0.079,Ba,0.95,2,La,0.05,3,Fe,0.9,3,Zn,0.1,2
Ba0.5Sr0.5Fe0.8Zn0.2O3,250,0.016,0.063,Ba,0.5,2,Sr,0.5,2,Fe,0.8,3,Zn,0.2,2
BaFe0.8Y0.2O3,250,0.016,0.053,Ba,1,2,,,,Fe,0.8,3,Y,0.2,3
Ba0.95La0.05Fe0.95Zn0.05O3,250,0.016,0.051,Ba,0.85,2,La,0.05,3,Fe,0.95,3,Zn,0.05,2
Ba0.95La0.05FeO3,250,0.016,0.03,Ba,0.95,2,La,0.05,3,Fe,1,3,,,
Ba0.5Sr0.5FeO3,250,0.016,0.019,Ba,0.5,2,Sr,0.5,2,Fe,1,3,,,
Ba0.75La0.25Fe0.8Zn0.2O3,250,0.016,0.017,Ba,0.75,2,La,0.25,3,Fe,0.8,3,Zn,0.2,2
BaCo0.8Y0.2O3,250,0.016,0.015,Ba,1,2,,0,,Co,0.8,3,Y,0.2,3
Ba0.85La0.15FeO3,250,0.016,0.007,Ba,0.85,2,La,0.15,3,Fe,1,3,,,
Ba0.5Sr0.5Co0.8Fe0.2O2.5,250,0.016,0.006,Ba,0.5,2,Sr,0.5,2,Co,0.8,3,Fe,0.2,3
SrFe0.8Zn0.2O2.4,250,0.016,0.006,Sr,1,2,,,,Fe,0.2,3,Zn,0.2,2
Ba0.95La0.05FeO2.53,250,0.016,0.004,Ba,0.95,2,La,0.05,3,Fe,1,3,,,
Sr0.85La0.15FeO2.63,250,0.016,0.015,Sr,0.85,2,La,0.15,3,Fe,1,3,,,
Sr0.75La0.25FeO2.63,250,0.016,0.026,Sr,0.75,2,La,0.25,3,Fe,1,3,,,
Ba0.5Sr0.5Fe0.8Zn0.2O3,598.9311689,0.02,0.003207921,Ba,0.5,2,Sr,0.5,2,Fe,0.8,3,Zn,0.2,2
Ba0.5Sr0.5Fe0.8Zn0.2O3,550.5380345,0.02,0.003366337,Ba,0.5,2,Sr,0.5,2,Fe,0.8,3,Zn,0.2,2
Ba0.5Sr0.5Fe0.8Zn0.2O3,499.1646208,0.02,0.004158416,Ba,0.5,2,Sr,0.5,2,Fe,0.8,3,Zn,0.2,2
Ba0.5Sr0.5Fe0.8Zn0.2O3,450.9327046,0.02,0.005821782,Ba,0.5,2,Sr,0.5,2,Fe,0.8,3,Zn,0.2,2
Ba0.5Sr0.5Fe0.8Zn0.2O3,400.6815283,0.02,0.00819802,Ba,0.5,2,Sr,0.5,2,Fe,0.8,3,Zn,0.2,2
Ba0.5Sr0.5Fe0.8Zn0.2O3,350.9198184,0.02,0.013267327,Ba,0.5,2,Sr,0.5,2,Fe,0.8,3,Zn,0.2,2
La0.9Sr0.1CoO3,300,0.05,0.011813909,La,0.9,3,Sr,0.1,2,Co,1,3,,,
La0.8Sr0.2CoO3,300,0.05,0.00514607,La,0.8,3,Sr,0.2,2,Co,1,3,,,
La0.7Sr0.3CoO3,300,0.05,0.004110179,La,0.7,3,Sr,0.3,2,Co,1,3,,,
La0.6Sr0.4CoO3,300,0.05,0.002492642,La,0.6,3,Sr,0.4,2,Co,1,3,,,
La0.5Sr0.5CoO3,300,0.05,0.017960726,La,0.5,3,Sr,0.5,2,Co,1,3,,,
La0.4Sr0.6CoO3,300,0.05,0.028965426,La,0.4,3,Sr,0.6,2,Co,1,3,,,
La0.3Sr0.7CoO3,300,0.05,0.028317884,La,0.3,3,Sr,0.7,2,Co,1,3,,,
La0.6Sr0.4Co0.8Fe0.2O3,300,0.05,0.000921986,La,0.6,3,Sr,0.4,2,Co,0.8,3,Fe,0.2,3
La0.6Sr0.4Co0.6Fe0.4O3,300,0.05,0.00251773,La,0.6,3,Sr,0.4,2,Co,0.6,3,Fe,0.4,3
La0.6Sr0.4Co0.4Fe0.6O3,300,0.05,0.001985816,La,0.6,3,Sr,0.4,2,Co,0.4,3,Fe,0.6,3
La0.6Sr0.4Co0.2Fe0.8O3,300,0.05,0.000921986,La,0.6,3,Sr,0.4,2,Co,0.2,3,Fe,0.8,3
La0.6Sr0.4FeO3,300,0.05,0.000957447,La,0.6,3,Sr,0.4,2,Fe,1,3,,,
La0.8Sr0.2ScO3,300,0.05,0.13327713,La,0.8,3,Sr,0.2,2,Sc,1,3,,,
La0.8Sr0.2Sc0.9Fe0.1O3,300,0.05,0.020010372,La,0.8,3,Sr,0.2,2,Sc,0.9,3,Fe,0.1,3
La0.8Sr0.2Sc0.8Fe0.2O3,300,0.05,0.018146542,La,0.8,3,Sr,0.2,2,Sc,0.8,3,Fe,0.2,3
La0.8Sr0.2Sc0.7Fe0.3O3,300,0.05,0.011893643,La,0.8,3,Sr,0.2,2,Sc,0.7,3,Fe,0.3,3
La0.8Sr0.2Sc0.6Fe0.4O3,300,0.05,0.001701214,La,0.8,3,Sr,0.2,2,Sc,0.6,3,Fe,0.4,3
Ba0.5Sr0.5Co0.8Fe0.2O3−δ,106.8493151,0.1,0.070394737,Ba,0.5,2,Sr,0.5,2,Co,0.8,3,Fe,0.2,3
Ba0.5Sr0.5Co0.8Fe0.2O3−δ,178.0821918,0.1,0.070864662,Ba,0.5,2,Sr,0.5,2,Co,0.8,3,Fe,0.2,3
Ba0.5Sr0.5Co0.8Fe0.2O3−δ,246.5753425,0.1,0.070394737,Ba,0.5,2,Sr,0.5,2,Co,0.8,3,Fe,0.2,3
Ba0.5Sr0.5Co0.8Fe0.2O3−δ,298.630137,0.1,0.070394737,Ba,0.5,2,Sr,0.5,2,Co,0.8,3,Fe,0.2,3
Ba0.5Sr0.5Co0.8Fe0.2O3−δ,336.9863014,0.1,0.072744361,Ba,0.5,2,Sr,0.5,2,Co,0.8,3,Fe,0.2,3
Ba0.5Sr0.5Co0.8Fe0.2O3−δ,369.8630137,0.1,0.076973684,Ba,0.5,2,Sr,0.5,2,Co,0.8,3,Fe,0.2,3
Ba0.5Sr0.5Co0.8Fe0.2O3−δ,400,0.1,0.083082707,Ba,0.5,2,Sr,0.5,2,Co,0.8,3,Fe,0.2,3
Ba0.5Sr0.5Co0.8Fe0.2O3−δ,421.9178082,0.1,0.08825188,Ba,0.5,2,Sr,0.5,2,Co,0.8,3,Fe,0.2,3
Ba0.5Sr0.5Co0.8Fe0.2O3−δ,449.3150685,0.1,0.093421053,Ba,0.5,2,Sr,0.5,2,Co,0.8,3,Fe,0.2,3
Ba0.5Sr0.5Co0.8Fe0.2O3−δ,487.6712329,0.1,0.093890977,Ba,0.5,2,Sr,0.5,2,Co,0.8,3,Fe,0.2,3
Ba0.5Sr0.5Co0.8Fe0.2O3−δ,520.5479452,0.1,0.090601504,Ba,0.5,2,Sr,0.5,2,Co,0.8,3,Fe,0.2,3
Ba0.5Sr0.5Co0.8Fe0.2O3−δ,558.9041096,0.1,0.08731203,Ba,0.5,2,Sr,0.5,2,Co,0.8,3,Fe,0.2,3
Ba0.5Sr0.5Co0.8Fe0.2O3−δ,594.5205479,0.1,0.084962406,Ba,0.5,2,Sr,0.5,2,Co,0.8,3,Fe,0.2,3
Ba0.5Sr0.5Co0.8Fe0.2O3−δ,624.6575342,0.1,0.081672932,Ba,0.5,2,Sr,0.5,2,Co,0.8,3,Fe,0.2,3
Ba0.5Sr0.5Co0.8Fe0.2O3−δ,646.5753425,0.1,0.076503759,Ba,0.5,2,Sr,0.5,2,Co,0.8,3,Fe,0.2,3
Ba0.5Sr0.5Co0.8Fe0.2O3−δ,663.0136986,0.1,0.070864662,Ba,0.5,2,Sr,0.5,2,Co,0.8,3,Fe,0.2,3
Ba0.5Sr0.5Co0.8Fe0.2O3−δ,671.2328767,0.1,0.065225564,Ba,0.5,2,Sr,0.5,2,Co,0.8,3,Fe,0.2,3
Ba0.5Sr0.5Co0.8Fe0.2O3−δ,679.4520548,0.1,0.059586466,Ba,0.5,2,Sr,0.5,2,Co,0.8,3,Fe,0.2,3
Ba0.5Sr0.5Co0.8Fe0.2O3−δ,687.6712329,0.1,0.052067669,Ba,0.5,2,Sr,0.5,2,Co,0.8,3,Fe,0.2,3
Ba0.5Sr0.5Co0.8Fe0.2O3−δ,698.630137,0.1,0.044548872,Ba,0.5,2,Sr,0.5,2,Co,0.8,3,Fe,0.2,3
Ba0.5Sr0.5Co0.8Fe0.2O3−δ,706.8493151,0.1,0.03843985,Ba,0.5,2,Sr,0.5,2,Co,0.8,3,Fe,0.2,3
Ba0.5Sr0.5Co0.8Fe0.2O3−δ,706.8493151,0.1,0.03843985,Ba,0.5,2,Sr,0.5,2,Co,0.8,3,Fe,0.2,3
Ba0.5Sr0.5Co0.8Fe0.2O3−δ,717.8082192,0.1,0.030451128,Ba,0.5,2,Sr,0.5,2,Co,0.8,3,Fe,0.2,3
Ba0.5Sr0.5Co0.8Fe0.2O3−δ,742.4657534,0.1,0.027161654,Ba,0.5,2,Sr,0.5,2,Co,0.8,3,Fe,0.2,3
Ba0.5Sr0.5Co0.8Fe0.2O3−δ,775.3424658,0.1,0.02481203,Ba,0.5,2,Sr,0.5,2,Co,0.8,3,Fe,0.2,3
Ba0.5Sr0.5Co0.8Fe0.2O3−δ,800,0.1,0.020582707,Ba,0.5,2,Sr,0.5,2,Co,0.8,3,Fe,0.2,3
Ba0.5Sr0.5Co0.8Fe0.2O3−δ,832.8767123,0.1,0.017763158,Ba,0.5,2,Sr,0.5,2,Co,0.8,3,Fe,0.2,3
Ba0.5Sr0.5Co0.8Fe0.2O3−δ,871.2328767,0.1,0.015883459,Ba,0.5,2,Sr,0.5,2,Co,0.8,3,Fe,0.2,3
Ba0.5Sr0.5Co0.8Fe0.2O3−δ,898.630137,0.1,0.01212406,Ba,0.5,2,Sr,0.5,2,Co,0.8,3,Fe,0.2,3
Ba0.5Sr0.5Co0.8Fe0.2O3−δ,926.0273973,0.1,0.009304511,Ba,0.5,2,Sr,0.5,2,Co,0.8,3,Fe,0.2,3
Ba0.5Sr0.5Co0.8Fe0.2O3−δ,947.9452055,0.1,0.003665414,Ba,0.5,2,Sr,0.5,2,Co,0.8,3,Fe,0.2,3
Ba0.5Sr0.5Co0.8Fe0.2O3−δ,980.8219178,0.1,0.001785714,Ba,0.5,2,Sr,0.5,2,Co,0.8,3,Fe,0.2,3
Ba0.5Sr0.5Fe0.8Zn0.2O3−δ,399.7358817,0.02,0.020328947,Ba,0.5,2,Sr,0.5,2,Fe,0.8,3,Zn,0.2,2
Ba0.5Sr0.5Fe0.8Zn0.2O3−δ,449.7022666,0.02,0.013519737,Ba,0.5,2,Sr,0.5,2,Fe,0.8,3,Zn,0.2,2
Ba0.5Sr0.5Fe0.8Zn0.2O3−δ,499.5389935,0.02,0.009375,Ba,0.5,2,Sr,0.5,2,Fe,0.8,3,Zn,0.2,2
Ba0.5Sr0.5Fe0.8Zn0.2O3−δ,549.2988859,0.02,0.006809211,Ba,0.5,2,Sr,0.5,2,Fe,0.8,3,Zn,0.2,2
Ba0.5Sr0.5Fe0.8Zn0.2O3−δ,600.4562044,0.02,0.005526316,Ba,0.5,2,Sr,0.5,2,Fe,0.8,3,Zn,0.2,2
BaZr0.8Y0.2O3,997.6551647,0.023,0,Ba,1,2,,,,Zr,0.8,4,Y,0.2,3
BaZr0.8Y0.2O3,900.161138,0.023,0.000424833,Ba,1,2,,,,Zr,0.8,4,Y,0.2,3
BaZr0.8Y0.2O3,798.0107796,0.023,0.005656181,Ba,1,2,,,,Zr,0.8,4,Y,0.2,3
BaZr0.8Y0.2O3,700.6501084,0.023,0.012494781,Ba,1,2,,,,Zr,0.8,4,Y,0.2,3
BaZr0.8Y0.2O3,602.1892538,0.023,0.023604569,Ba,1,2,,,,Zr,0.8,4,Y,0.2,3
BaZr0.8Y0.2O3,504.9508251,0.023,0.036317799,Ba,1,2,,,,Zr,0.8,4,Y,0.2,3
BaZr0.8Y0.2O3,405.4120131,0.023,0.05276689,Ba,1,2,,,,Zr,0.8,4,Y,0.2,3
BaZr0.8Y0.2O3,305.8509752,0.023,0.068147866,Ba,1,2,,,,Zr,0.8,4,Y,0.2,3
BaZr0.8Y0.2O3,208.7236762,0.023,0.086201669,Ba,1,2,,,,Zr,0.8,4,Y,0.2,3
BaZr0.8Y0.2O3,108.9626049,0.023,0.149112471,Ba,1,2,,,,Zr,0.8,4,Y,0.2,3
BaZr0.8Y0.2O3,57.16508307,0.023,0.17415728,Ba,1,2,,,,Zr,0.8,4,Y,0.2,3
BaZr0.8Y0.2O3,899.6728462,0.023,0.016962306,Ba,1,2,,,,Zr,0.8,4,Y,0.2,3
BaZr0.8Y0.2O3,850.5997819,0.023,0.02075388,Ba,1,2,,,,Zr,0.8,4,Y,0.2,3
BaZr0.8Y0.2O3,800.436205,0.023,0.026341463,Ba,1,2,,,,Zr,0.8,4,Y,0.2,3
BaZr0.8Y0.2O3,750.2726281,0.023,0.033924612,Ba,1,2,,,,Zr,0.8,4,Y,0.2,3
BaZr0.8Y0.2O3,700.1090513,0.023,0.0427051,Ba,1,2,,,,Zr,0.8,4,Y,0.2,3
BaZr0.8Y0.2O3,649.9454744,0.023,0.056873614,Ba,1,2,,,,Zr,0.8,4,Y,0.2,3
BaZr0.8Y0.2O3,600.87241,0.023,0.074634146,Ba,1,2,,,,Zr,0.8,4,Y,0.2,3
BaZr0.8Y0.2O3,550.7088332,0.023,0.097383592,Ba,1,2,,,,Zr,0.8,4,Y,0.2,3
BaZr0.8Y0.2O3,500.5452563,0.023,0.117738359,Ba,1,2,,,,Zr,0.8,4,Y,0.2,3
BaZr0.8Y0.2O3,450.3816794,0.023,0.137,Ba,1,2,,,,Zr,0.8,4,Y,0.2,3
BaZr0.8Y0.2O3,400.2181025,0.023,0.150665188,Ba,1,2,,,,Zr,0.8,4,Y,0.2,3
BaZr0.8Y0.2O3,1000.33799,0.02,0.011122139,Ba,1,2,,,,Zr,0.8,4,Y,0.2,3
BaZr0.8Y0.2O3,900.4741,0.02,0.016339642,Ba,1,2,,,,Zr,0.8,4,Y,0.2,3
BaZr0.8Y0.2O3,800.56181,0.02,0.024671154,Ba,1,2,,,,Zr,0.8,4,Y,0.2,3
BaZr0.8Y0.2O3,700.91047,0.02,0.039058473,Ba,1,2,,,,Zr,0.8,4,Y,0.2,3
BaZr0.8Y0.2O3,600.45272,0.02,0.064868553,Ba,1,2,,,,Zr,0.8,4,Y,0.2,3
BaZr0.8Y0.2O3,547.35888,0.02,0.085224929,Ba,1,2,,,,Zr,0.8,4,Y,0.2,3
BaZr0.8Y0.2O3,500.60671,0.02,0.106482739,Ba,1,2,,,,Zr,0.8,4,Y,0.2,3
BaZr0.8Y0.2O3,477.42771,0.02,0.117434383,Ba,1,2,,,,Zr,0.8,4,Y,0.2,3
BaZr0.8Y0.2O3,428.71443,0.02,0.138156873,Ba,1,2,,,,Zr,0.8,4,Y,0.2,3
BaZr0.8Y0.2O3,401.31581,0.02,0.149096492,Ba,1,2,,,,Zr,0.8,4,Y,0.2,3
BaZr0.8Y0.2O3,360.5711,0.02,0.160507658,Ba,1,2,,,,Zr,0.8,4,Y,0.2,3
BaZr0.8Y0.2O3,328.04913,0.02,0.167831658,Ba,1,2,,,,Zr,0.8,4,Y,0.2,3
BaZr0.8Y0.2O3,301.15791,0.02,0.172878235,Ba,1,2,,,,Zr,0.8,4,Y,0.2,3
BaZr0.8Y0.2O3,270.84846,0.02,0.178932969,Ba,1,2,,,,Zr,0.8,4,Y,0.2,3
BaZr0.8Y0.2O3,230.13487,0.02,0.186556517,Ba,1,2,,,,Zr,0.8,4,Y,0.2,3
BaZr0.8Y0.2O3,200.37939,0.02,0.191344345,Ba,1,2,,,,Zr,0.8,4,Y,0.2,3
BaZr0.8Y0.2O3,162.38706,0.02,0.197120574,Ba,1,2,,,,Zr,0.8,4,Y,0.2,3
BaZr0.8Y0.2O3,1200,0.019,0.00304984,Ba,1,2,,,,Zr,0.8,4,Y,0.2,3
BaZr0.8Y0.2O3,1092,0.019,0.004574761,Ba,1,2,,,,Zr,0.8,4,Y,0.2,3
BaZr0.8Y0.2O3,993,0.019,0.006099681,Ba,1,2,,,,Zr,0.8,4,Y,0.2,3
BaZr0.8Y0.2O3,895,0.019,0.009149521,Ba,1,2,,,,Zr,0.8,4,Y,0.2,3
BaZr0.8Y0.2O3,797,0.019,0.016774122,Ba,1,2,,,,Zr,0.8,4,Y,0.2,3
BaZr0.8Y0.2O3,699,0.019,0.027448563,Ba,1,2,,,,Zr,0.8,4,Y,0.2,3
BaZr0.8Y0.2O3,599,0.019,0.050322366,Ba,1,2,,,,Zr,0.8,4,Y,0.2,3
BaZr0.8Y0.2O3,500,0.019,0.087072942,Ba,1,2,,,,Zr,0.8,4,Y,0.2,3
BaZr0.8Y0.2O3,399,0.019,0.12550093,Ba,1,2,,,,Zr,0.8,4,Y,0.2,3
BaZr0.8Y0.2O3,299,0.019,0.143494988,Ba,1,2,,,,Zr,0.8,4,Y,0.2,3
BaZr0.8Y0.2O3,200,0.019,0.155846841,Ba,1,2,,,,Zr,0.8,4,Y,0.2,3
BaZr0.8Y0.2O3,100,0.019,0.164691378,Ba,1,2,,,,Zr,0.8,4,Y,0.2,3
BaZr0.9Y0.1O3,900,0.04,0.008063877,Ba,1,2,,,,Zr,0.9,4,Y,0.1,3
BaZr0.9Y0.1O3,900,0.02,0.006484326,Ba,1,2,,,,Zr,0.9,4,Y,0.1,3
BaZr0.9Y0.1O3,900,0.01,0.00499384,Ba,1,2,,,,Zr,0.9,4,Y,0.1,3
BaZr0.9Y0.1O3,900,0.005,0.00434407,Ba,1,2,,,,Zr,0.9,4,Y,0.1,3
BaZr0.9Y0.1O3,800,0.04,0.013222886,Ba,1,2,,,,Zr,0.9,4,Y,0.1,3
BaZr0.9Y0.1O3,800,0.02,0.010879271,Ba,1,2,,,,Zr,0.9,4,Y,0.1,3
BaZr0.9Y0.1O3,800,0.01,0.008115024,Ba,1,2,,,,Zr,0.9,4,Y,0.1,3
BaZr0.9Y0.1O3,800,0.005,0.006063831,Ba,1,2,,,,Zr,0.9,4,Y,0.1,3
BaZr0.9Y0.1O3,700,0.04,0.018891728,Ba,1,2,,,,Zr,0.9,4,Y,0.1,3
BaZr0.9Y0.1O3,700,0.02,0.015847469,Ba,1,2,,,,Zr,0.9,4,Y,0.1,3
BaZr0.9Y0.1O3,700,0.01,0.012509968,Ba,1,2,,,,Zr,0.9,4,Y,0.1,3
BaZr0.9Y0.1O3,700,0.005,0.010012912,Ba,1,2,,,,Zr,0.9,4,Y,0.1,3
BaZr0.9Y0.1O3,600,0.04,0.028127481,Ba,1,2,,,,Zr,0.9,4,Y,0.1,3
BaZr0.9Y0.1O3,600,0.02,0.024509832,Ba,1,2,,,,Zr,0.9,4,Y,0.1,3
BaZr0.9Y0.1O3,600,0.01,0.019962265,Ba,1,2,,,,Zr,0.9,4,Y,0.1,3
BaZr0.9Y0.1O3,600,0.005,0.016700871,Ba,1,2,,,,Zr,0.9,4,Y,0.1,3
BaZr0.9Y0.1O3,500,0.04,0.042331295,Ba,1,2,,,,Zr,0.9,4,Y,0.1,3
BaZr0.9Y0.1O3,500,0.02,0.038586393,Ba,1,2,,,,Zr,0.9,4,Y,0.1,3
BaZr0.9Y0.1O3,500,0.01,0.033401741,Ba,1,2,,,,Zr,0.9,4,Y,0.1,3
BaZr0.9Y0.1O3,500,0.005,0.029376145,Ba,1,2,,,,Zr,0.9,4,Y,0.1,3
BaZr0.9Y0.1O3,400,0.04,0.047872747,Ba,1,2,,,,Zr,0.9,4,Y,0.1,3
BaZr0.9Y0.1O3,400,0.02,0.045146825,Ba,1,2,,,,Zr,0.9,4,Y,0.1,3
BaZr0.9Y0.1O3,400,0.01,0.040471733,Ba,1,2,,,,Zr,0.9,4,Y,0.1,3
BaZr0.9Y0.1O3,400,0.005,0.036000273,Ba,1,2,,,,Zr,0.9,4,Y,0.1,3
BaZr0.9Y0.1O3,890.9487459,0.023,0.014567627,Ba,1,2,,,,Zr,0.9,4,Y,0.1,3
BaZr0.9Y0.1O3,850.5997819,0.023,0.016762749,Ba,1,2,,,,Zr,0.9,4,Y,0.1,3
BaZr0.9Y0.1O3,800.436205,0.023,0.020155211,Ba,1,2,,,,Zr,0.9,4,Y,0.1,3
BaZr0.9Y0.1O3,750.2726281,0.023,0.024545455,Ba,1,2,,,,Zr,0.9,4,Y,0.1,3
BaZr0.9Y0.1O3,700.1090513,0.023,0.030532151,Ba,1,2,,,,Zr,0.9,4,Y,0.1,3
BaZr0.9Y0.1O3,649.9454744,0.023,0.038314856,Ba,1,2,,,,Zr,0.9,4,Y,0.1,3
BaZr0.9Y0.1O3,600.87241,0.023,0.047095344,Ba,1,2,,,,Zr,0.9,4,Y,0.1,3
BaZr0.9Y0.1O3,550.7088332,0.023,0.057272727,Ba,1,2,,,,Zr,0.9,4,Y,0.1,3
BaZr0.9Y0.1O3,500.5452563,0.023,0.067450111,Ba,1,2,,,,Zr,0.9,4,Y,0.1,3
BaZr0.9Y0.1O3,450.3816794,0.023,0.076430155,Ba,1,2,,,,Zr,0.9,4,Y,0.1,3
BaZr0.9Y0.1O3,400.2181025,0.023,0.084013304,Ba,1,2,,,,Zr,0.9,4,Y,0.1,3
BaZr0.9Y0.1O3,350.0545256,0.023,0.089201774,Ba,1,2,,,,Zr,0.9,4,Y,0.1,3
BaZr0.9Y0.1O3,300.9814613,0.023,0.091995565,Ba,1,2,,,,Zr,0.9,4,Y,0.1,3
BaZr0.9Y0.1O3,250.8178844,0.023,0.095587583,Ba,1,2,,,,Zr,0.9,4,Y,0.1,3
BaZr0.9Y0.1O3,200.6543075,0.023,0.099778271,Ba,1,2,,,,Zr,0.9,4,Y,0.1,3
BaZr0.95Y0.05O3,838.6041439,0.023,0.008181818,Ba,1,2,,,,Zr,0.95,4,Y,0.05,3
BaZr0.95Y0.05O3,799.3456925,0.023,0.009778271,Ba,1,2,,,,Zr,0.95,4,Y,0.05,3
BaZr0.95Y0.05O3,750.2726281,0.023,0.012572062,Ba,1,2,,,,Zr,0.95,4,Y,0.05,3
BaZr0.95Y0.05O3,700.1090513,0.023,0.015964523,Ba,1,2,,,,Zr,0.95,4,Y,0.05,3
BaZr0.95Y0.05O3,649.9454744,0.023,0.019356984,Ba,1,2,,,,Zr,0.95,4,Y,0.05,3
BaZr0.95Y0.05O3,600.87241,0.023,0.024146341,Ba,1,2,,,,Zr,0.95,4,Y,0.05,3
BaZr0.95Y0.05O3,550.7088332,0.023,0.029933481,Ba,1,2,,,,Zr,0.95,4,Y,0.05,3
BaZr0.95Y0.05O3,499.4547437,0.023,0.035121951,Ba,1,2,,,,Zr,0.95,4,Y,0.05,3
BaZr0.95Y0.05O3,450.3816794,0.023,0.038314856,Ba,1,2,,,,Zr,0.95,4,Y,0.05,3
BaZr0.95Y0.05O3,400.2181025,0.023,0.041308204,Ba,1,2,,,,Zr,0.95,4,Y,0.05,3
BaZr0.95Y0.05O3,350.0545256,0.023,0.043503326,Ba,1,2,,,,Zr,0.95,4,Y,0.05,3
BaZr0.95Y0.05O3,300.9814613,0.023,0.045299335,Ba,1,2,,,,Zr,0.95,4,Y,0.05,3
BaZr0.95Y0.05O3,250.8178844,0.023,0.047095344,Ba,1,2,,,,Zr,0.95,4,Y,0.05,3
BaZr0.95Y0.05O3,200.6543075,0.023,0.050288248,Ba,1,2,,,,Zr,0.95,4,Y,0.05,3
BaZr0.98Y0.02O3,908.3969466,0.023,0.003392461,Ba,1,2,,,,Zr,0.98,4,Y,0.02,3
BaZr0.98Y0.02O3,856.0523446,0.023,0.004190687,Ba,1,2,,,,Zr,0.98,4,Y,0.02,3
BaZr0.98Y0.02O3,790.6215921,0.023,0.00578714,Ba,1,2,,,,Zr,0.98,4,Y,0.02,3
BaZr0.98Y0.02O3,751.3631407,0.023,0.006585366,Ba,1,2,,,,Zr,0.98,4,Y,0.02,3
BaZr0.98Y0.02O3,700.1090513,0.023,0.007982262,Ba,1,2,,,,Zr,0.98,4,Y,0.02,3
BaZr0.98Y0.02O3,600.87241,0.023,0.011175166,Ba,1,2,,,,Zr,0.98,4,Y,0.02,3
BaZr0.98Y0.02O3,550.7088332,0.023,0.012771619,Ba,1,2,,,,Zr,0.98,4,Y,0.02,3
BaZr0.98Y0.02O3,500.5452563,0.023,0.013569845,Ba,1,2,,,,Zr,0.98,4,Y,0.02,3
BaZr0.98Y0.02O3,450.3816794,0.023,0.014368071,Ba,1,2,,,,Zr,0.98,4,Y,0.02,3
BaZr0.98Y0.02O3,400.2181025,0.023,0.015166297,Ba,1,2,,,,Zr,0.98,4,Y,0.02,3
BaZr0.98Y0.02O3,350.0545256,0.023,0.015764967,Ba,1,2,,,,Zr,0.98,4,Y,0.02,3
BaZr0.98Y0.02O3,300.9814613,0.023,0.016363636,Ba,1,2,,,,Zr,0.98,4,Y,0.02,3
BaZr0.98Y0.02O3,250.8178844,0.023,0.016762749,Ba,1,2,,,,Zr,0.98,4,Y,0.02,3
BaZr0.98Y0.02O3,200.6543075,0.023,0.016962306,Ba,1,2,,,,Zr,0.98,4,Y,0.02,3
BaZr0.98Y0.02O3,649.9454744,0.023,0.009578714,Ba,1,2,,,,Zr,0.98,4,Y,0.02,3
BaZr0.7Y0.3O3,1002.411513,0.023,0,Ba,1,2,,,,Zr,0.7,4,Y,0.3,3
BaZr0.7Y0.3O3,901.361338,0.023,0.00096016,Ba,1,2,,,,Zr,0.7,4,Y,0.3,3
BaZr0.7Y0.3O3,801.6113797,0.023,0.007262163,Ba,1,2,,,,Zr,0.7,4,Y,0.3,3
BaZr0.7Y0.3O3,703.1616381,0.023,0.018906008,Ba,1,2,,,,Zr,0.7,4,Y,0.3,3
BaZr0.7Y0.3O3,603.5561482,0.023,0.032150755,Ba,1,2,,,,Zr,0.7,4,Y,0.3,3
BaZr0.7Y0.3O3,506.3732844,0.023,0.047534272,Ba,1,2,,,,Zr,0.7,4,Y,0.3,3
BaZr0.7Y0.3O3,405.6009335,0.023,0.061845863,Ba,1,2,,,,Zr,0.7,4,Y,0.3,3
BaZr0.7Y0.3O3,304.9730511,0.023,0.083100199,Ba,1,2,,,,Zr,0.7,4,Y,0.3,3
BaZr0.7Y0.3O3,210.7462355,0.023,0.126257233,Ba,1,2,,,,Zr,0.7,4,Y,0.3,3
BaZr0.7Y0.3O3,110.2961605,0.023,0.213199343,Ba,1,2,,,,Zr,0.7,4,Y,0.3,3
BaZr0.7Y0.3O3,60.44340723,0.023,0.274561316,Ba,1,2,,,,Zr,0.7,4,Y,0.3,3
BaZr0.6Y0.4O3,1002.411513,0.023,0,Ba,1,2,,,,Zr,0.6,4,Y,0.4,3
BaZr0.6Y0.4O3,900.3167195,0.023,0.007901634,Ba,1,2,,,,Zr,0.6,4,Y,0.4,3
BaZr0.6Y0.4O3,799.3776741,0.023,0.014202367,Ba,1,2,,,,Zr,0.6,4,Y,0.4,3
BaZr0.6Y0.4O3,703.3505584,0.023,0.027984982,Ba,1,2,,,,Zr,0.6,4,Y,0.4,3
BaZr0.6Y0.4O3,603.8228594,0.023,0.04496813,Ba,1,2,,,,Zr,0.6,4,Y,0.4,3
BaZr0.6Y0.4O3,504.4062899,0.023,0.06729185,Ba,1,2,,,,Zr,0.6,4,Y,0.4,3
BaZr0.6Y0.4O3,406.1565817,0.023,0.088548726,Ba,1,2,,,,Zr,0.6,4,Y,0.4,3
BaZr0.6Y0.4O3,305.6731678,0.023,0.116745807,Ba,1,2,,,,Zr,0.6,4,Y,0.4,3
BaZr0.6Y0.4O3,208.179141,0.023,0.174318577,Ba,1,2,,,,Zr,0.6,4,Y,0.4,3
BaZr0.6Y0.4O3,112.0408957,0.023,0.297046333,Ba,1,2,,,,Zr,0.6,4,Y,0.4,3
BaZr0.6Y0.4O3,62.36594988,0.023,0.366953222,Ba,1,2,,,,Zr,0.6,4,Y,0.4,3
BaZr0.8Sc0.2O3,999.51883,0.02,0.0114277,Ba,1,2,,,,Zr,0.8,4,Sc,0.2,3
BaZr0.8Sc0.2O3,899.43189,0.02,0.01702143,Ba,1,2,,,,Zr,0.8,4,Sc,0.2,3
BaZr0.8Sc0.2O3,799.40884,0.02,0.027161287,Ba,1,2,,,,Zr,0.8,4,Sc,0.2,3
BaZr0.8Sc0.2O3,699.56252,0.02,0.045331129,Ba,1,2,,,,Zr,0.8,4,Sc,0.2,3
BaZr0.8Sc0.2O3,598.8317,0.02,0.0793295,Ba,1,2,,,,Zr,0.8,4,Sc,0.2,3
BaZr0.8Sc0.2O3,548.49128,0.02,0.103576705,Ba,1,2,,,,Zr,0.8,4,Sc,0.2,3
BaZr0.8Sc0.2O3,498.88165,0.02,0.131592624,Ba,1,2,,,,Zr,0.8,4,Sc,0.2,3
BaZr0.8Sc0.2O3,471.07828,0.02,0.146136213,Ba,1,2,,,,Zr,0.8,4,Sc,0.2,3
BaZr0.8Sc0.2O3,434.09245,0.02,0.161213948,Ba,1,2,,,,Zr,0.8,4,Sc,0.2,3
BaZr0.8Sc0.2O3,399.40396,0.02,0.170113401,Ba,1,2,,,,Zr,0.8,4,Sc,0.2,3
BaZr0.8Sc0.2O3,349.36699,0.02,0.176677453,Ba,1,2,,,,Zr,0.8,4,Sc,0.2,3
BaZr0.8Sc0.2O3,298.96576,0.02,0.179914967,Ba,1,2,,,,Zr,0.8,4,Sc,0.2,3
BaZr0.8Sc0.2O3,247.54976,0.02,0.181713256,Ba,1,2,,,,Zr,0.8,4,Sc,0.2,3
BaZr0.8Sc0.2O3,198.38435,0.02,0.182713295,Ba,1,2,,,,Zr,0.8,4,Sc,0.2,3
BaZr0.8Sc0.2O3,172.4583,0.02,0.183392847,Ba,1,2,,,,Zr,0.8,4,Sc,0.2,3
BaZr0.8Sc0.2O3,132.45075,0.02,0.185654062,Ba,1,2,,,,Zr,0.8,4,Sc,0.2,3
BaZr0.8Sc0.2O3,100.03311,0.02,0.1898382,Ba,1,2,,,,Zr,0.8,4,Sc,0.2,3
BaZr0.8Sc0.2O3,1200,0.019,0.004421795,Ba,1,2,,,,Zr,0.8,4,Sc,0.2,3
BaZr0.8Sc0.2O3,1091,0.019,0.006617232,Ba,1,2,,,,Zr,0.8,4,Sc,0.2,3
BaZr0.8Sc0.2O3,992,0.019,0.009663014,Ba,1,2,,,,Zr,0.8,4,Sc,0.2,3
BaZr0.8Sc0.2O3,893,0.019,0.015089762,Ba,1,2,,,,Zr,0.8,4,Sc,0.2,3
BaZr0.8Sc0.2O3,796,0.019,0.0267163,Ba,1,2,,,,Zr,0.8,4,Sc,0.2,3
BaZr0.8Sc0.2O3,697,0.019,0.043336683,Ba,1,2,,,,Zr,0.8,4,Sc,0.2,3
BaZr0.8Sc0.2O3,595,0.019,0.079051181,Ba,1,2,,,,Zr,0.8,4,Sc,0.2,3
BaZr0.8Sc0.2O3,499,0.019,0.131772583,Ba,1,2,,,,Zr,0.8,4,Sc,0.2,3
BaZr0.8Sc0.2O3,397,0.019,0.18382917,Ba,1,2,,,,Zr,0.8,4,Sc,0.2,3
BaZr0.8Sc0.2O3,299,0.019,0.191018452,Ba,1,2,,,,Zr,0.8,4,Sc,0.2,3
BaZr0.8Sc0.2O3,200,0.019,0.193074741,Ba,1,2,,,,Zr,0.8,4,Sc,0.2,3
BaZr0.8Sc0.2O3,100,0.019,0.193569487,Ba,1,2,,,,Zr,0.8,4,Sc,0.2,3
BaZr0.6Sc0.4O3,998.97583,0.02,0.015670185,Ba,1,2,,,,Zr,0.6,4,Sc,0.4,3
BaZr0.6Sc0.4O3,898.86105,0.02,0.025012136,Ba,1,2,,,,Zr,0.6,4,Sc,0.4,3
BaZr0.6Sc0.4O3,798.79389,0.02,0.041398509,Ba,1,2,,,,Zr,0.6,4,Sc,0.4,3
BaZr0.6Sc0.4O3,698.98327,0.02,0.074363193,Ba,1,2,,,,Zr,0.6,4,Sc,0.4,3
BaZr0.6Sc0.4O3,598.32491,0.02,0.141673371,Ba,1,2,,,,Zr,0.6,4,Sc,0.4,3
BaZr0.6Sc0.4O3,547.99384,0.02,0.196221085,Ba,1,2,,,,Zr,0.6,4,Sc,0.4,3
BaZr0.6Sc0.4O3,498.36067,0.02,0.261282433,Ba,1,2,,,,Zr,0.6,4,Sc,0.4,3
BaZr0.6Sc0.4O3,470.50361,0.02,0.29415258,Ba,1,2,,,,Zr,0.6,4,Sc,0.4,3
BaZr0.6Sc0.4O3,433.64228,0.02,0.326527125,Ba,1,2,,,,Zr,0.6,4,Sc,0.4,3
BaZr0.6Sc0.4O3,398.77685,0.02,0.343188514,Ba,1,2,,,,Zr,0.6,4,Sc,0.4,3
BaZr0.6Sc0.4O3,348.80385,0.02,0.355128794,Ba,1,2,,,,Zr,0.6,4,Sc,0.4,3
BaZr0.6Sc0.4O3,298.43802,0.02,0.36051739,Ba,1,2,,,,Zr,0.6,4,Sc,0.4,3
BaZr0.6Sc0.4O3,247.0429,0.02,0.364694196,Ba,1,2,,,,Zr,0.6,4,Sc,0.4,3
BaZr0.6Sc0.4O3,198.16804,0.02,0.368816572,Ba,1,2,,,,Zr,0.6,4,Sc,0.4,3
BaZr0.6Sc0.4O3,172.38542,0.02,0.370844815,Ba,1,2,,,,Zr,0.6,4,Sc,0.4,3
BaZr0.6Sc0.4O3,132.13625,0.02,0.372824358,Ba,1,2,,,,Zr,0.6,4,Sc,0.4,3
BaZr0.6Sc0.4O3,99.795,0.02,0.376548533,Ba,1,2,,,,Zr,0.6,4,Sc,0.4,3
BaZr0.6Sc0.4O3,49.57924,0.02,0.384226065,Ba,1,2,,,,Zr,0.6,4,Sc,0.4,3
BaZr0.8In0.2O3,1000.46002,0.02,0.004199822,Ba,1,2,,,,Zr,0.8,4,In,0.2,3
BaZr0.8In0.2O3,900.56068,0.02,0.005854771,Ba,1,2,,,,Zr,0.8,4,In,0.2,3
BaZr0.8In0.2O3,800.63473,0.02,0.008764983,Ba,1,2,,,,Zr,0.8,4,In,0.2,3
BaZr0.8In0.2O3,700.79883,0.02,0.013664255,Ba,1,2,,,,Zr,0.8,4,In,0.2,3
BaZr0.8In0.2O3,652.78721,0.02,0.017242691,Ba,1,2,,,,Zr,0.8,4,In,0.2,3
BaZr0.8In0.2O3,600.35812,0.02,0.022385522,Ba,1,2,,,,Zr,0.8,4,In,0.2,3
BaZr0.8In0.2O3,547.36755,0.02,0.029027174,Ba,1,2,,,,Zr,0.8,4,In,0.2,3
BaZr0.8In0.2O3,500.47204,0.02,0.036096615,Ba,1,2,,,,Zr,0.8,4,In,0.2,3
BaZr0.8In0.2O3,447.10323,0.02,0.046560262,Ba,1,2,,,,Zr,0.8,4,In,0.2,3
BaZr0.8In0.2O3,401.37765,0.02,0.058588303,Ba,1,2,,,,Zr,0.8,4,In,0.2,3
BaZr0.8In0.2O3,351.66614,0.02,0.080489831,Ba,1,2,,,,Zr,0.8,4,In,0.2,3
BaZr0.8In0.2O3,301.4007,0.02,0.111855791,Ba,1,2,,,,Zr,0.8,4,In,0.2,3
BaZr0.8In0.2O3,275.56795,0.02,0.133104706,Ba,1,2,,,,Zr,0.8,4,In,0.2,3
BaZr0.8In0.2O3,243.69266,0.02,0.160979662,Ba,1,2,,,,Zr,0.8,4,In,0.2,3
BaZr0.8In0.2O3,230.51224,0.02,0.173688418,Ba,1,2,,,,Zr,0.8,4,In,0.2,3
BaZr0.8In0.2O3,217.46469,0.02,0.1857914,Ba,1,2,,,,Zr,0.8,4,In,0.2,3
BaZr0.8In0.2O3,200.88014,0.02,0.197394776,Ba,1,2,,,,Zr,0.8,4,In,0.2,3
BaZr0.8In0.2O3,1094,0.023,0.001408229,Ba,1,2,,,,Zr,0.8,4,In,0.2,3
BaZr0.8In0.2O3,949,0.023,0.002609365,Ba,1,2,,,,Zr,0.8,4,In,0.2,3
BaZr0.8In0.2O3,851,0.023,0.003541282,Ba,1,2,,,,Zr,0.8,4,In,0.2,3
BaZr0.8In0.2O3,752,0.023,0.004825255,Ba,1,2,,,,Zr,0.8,4,In,0.2,3
BaZr0.8In0.2O3,664,0.023,0.007393202,Ba,1,2,,,,Zr,0.8,4,In,0.2,3
BaZr0.8In0.2O3,609,0.023,0.009505546,Ba,1,2,,,,Zr,0.8,4,In,0.2,3
BaZr0.8In0.2O3,559,0.023,0.012611933,Ba,1,2,,,,Zr,0.8,4,In,0.2,3
BaZr0.8In0.2O3,535,0.023,0.014310091,Ba,1,2,,,,Zr,0.8,4,In,0.2,3
BaZr0.8In0.2O3,483,0.023,0.019570241,Ba,1,2,,,,Zr,0.8,4,In,0.2,3
BaZr0.8In0.2O3,453,0.023,0.023774218,Ba,1,2,,,,Zr,0.8,4,In,0.2,3
BaZr0.8In0.2O3,409,0.023,0.032265011,Ba,1,2,,,,Zr,0.8,4,In,0.2,3
BaZr0.8In0.2O3,374,0.023,0.040403746,Ba,1,2,,,,Zr,0.8,4,In,0.2,3
BaZr0.8In0.2O3,344,0.023,0.048666736,Ba,1,2,,,,Zr,0.8,4,In,0.2,3
BaZr0.8In0.2O3,311,0.023,0.057074692,Ba,1,2,,,,Zr,0.8,4,In,0.2,3
BaZr0.8Gd0.2O3,900.8714597,0.023,0.008004779,Ba,1,2,,,,Zr,0.8,4,Gd,0.2,3
BaZr0.8Gd0.2O3,850.7625272,0.023,0.010394265,Ba,1,2,,,,Zr,0.8,4,Gd,0.2,3
BaZr0.8Gd0.2O3,800.6535948,0.023,0.012066906,Ba,1,2,,,,Zr,0.8,4,Gd,0.2,3
BaZr0.8Gd0.2O3,750.5446623,0.023,0.014456392,Ba,1,2,,,,Zr,0.8,4,Gd,0.2,3
BaZr0.8Gd0.2O3,700.4357298,0.023,0.017323775,Ba,1,2,,,,Zr,0.8,4,Gd,0.2,3
BaZr0.8Gd0.2O3,650.3267974,0.023,0.02078853,Ba,1,2,,,,Zr,0.8,4,Gd,0.2,3
BaZr0.8Gd0.2O3,600.2178649,0.023,0.02520908,Ba,1,2,,,,Zr,0.8,4,Gd,0.2,3
BaZr0.8Gd0.2O3,550.1089325,0.023,0.029749104,Ba,1,2,,,,Zr,0.8,4,Gd,0.2,3
BaZr0.8Gd0.2O3,500,0.023,0.034528076,Ba,1,2,,,,Zr,0.8,4,Gd,0.2,3
BaZr0.8Gd0.2O3,450.9803922,0.023,0.040501792,Ba,1,2,,,,Zr,0.8,4,Gd,0.2,3
BaZr0.8Gd0.2O3,400.8714597,0.023,0.047670251,Ba,1,2,,,,Zr,0.8,4,Gd,0.2,3
BaZr0.8Gd0.2O3,350.7625272,0.023,0.055555556,Ba,1,2,,,,Zr,0.8,4,Gd,0.2,3
BaZr0.8Gd0.2O3,300.6535948,0.023,0.064994026,Ba,1,2,,,,Zr,0.8,4,Gd,0.2,3
BaZr0.8Gd0.2O3,258.1699346,0.023,0.078016726,Ba,1,2,,,,Zr,0.8,4,Gd,0.2,3
BaZr0.8Er0.2O3,1094,0.023,0.004554406,Ba,1,2,,,,Zr,0.8,4,Er,0.2,3
BaZr0.8Er0.2O3,949,0.023,0.007003473,Ba,1,2,,,,Zr,0.8,4,Er,0.2,3
BaZr0.8Er0.2O3,851,0.023,0.010698557,Ba,1,2,,,,Zr,0.8,4,Er,0.2,3
BaZr0.8Er0.2O3,752,0.023,0.016498979,Ba,1,2,,,,Zr,0.8,4,Er,0.2,3
BaZr0.8Er0.2O3,664,0.023,0.027240502,Ba,1,2,,,,Zr,0.8,4,Er,0.2,3
BaZr0.8Er0.2O3,609,0.023,0.036521178,Ba,1,2,,,,Zr,0.8,4,Er,0.2,3
BaZr0.8Er0.2O3,559,0.023,0.04803609,Ba,1,2,,,,Zr,0.8,4,Er,0.2,3
BaZr0.8Er0.2O3,535,0.023,0.054781767,Ba,1,2,,,,Zr,0.8,4,Er,0.2,3
BaZr0.8Er0.2O3,483,0.023,0.072806042,Ba,1,2,,,,Zr,0.8,4,Er,0.2,3
BaZr0.8Er0.2O3,453,0.023,0.084514302,Ba,1,2,,,,Zr,0.8,4,Er,0.2,3
BaZr0.8Er0.2O3,409,0.023,0.103183068,Ba,1,2,,,,Zr,0.8,4,Er,0.2,3
BaZr0.8Er0.2O3,374,0.023,0.118049336,Ba,1,2,,,,Zr,0.8,4,Er,0.2,3
BaZr0.8Er0.2O3,344,0.023,0.12971463,Ba,1,2,,,,Zr,0.8,4,Er,0.2,3
BaZr0.8Er0.2O3,311,0.023,0.138458229,Ba,1,2,,,,Zr,0.8,4,Er,0.2,3
BaZr0.8Er0.2O3,266,0.023,0.146901066,Ba,1,2,,,,Zr,0.8,4,Er,0.2,3
BaZr0.8Er0.2O3,233,0.023,0.150467252,Ba,1,2,,,,Zr,0.8,4,Er,0.2,3
BaZr0.8Er0.2O3,190,0.023,0.156031361,Ba,1,2,,,,Zr,0.8,4,Er,0.2,3
BaZr0.8Er0.2O3,119,0.023,0.161294707,Ba,1,2,,,,Zr,0.8,4,Er,0.2,3
BaZr0.8Er0.2O3,57,0.023,0.165032757,Ba,1,2,,,,Zr,0.8,4,Lu,0.2,3
BaZr0.8Lu0.2O3,1094,0.023,0.006860096,Ba,1,2,,,,Zr,0.8,4,Lu,0.2,3
BaZr0.8Lu0.2O3,949,0.023,0.011912742,Ba,1,2,,,,Zr,0.8,4,Lu,0.2,3
BaZr0.8Lu0.2O3,851,0.023,0.017663721,Ba,1,2,,,,Zr,0.8,4,Lu,0.2,3
BaZr0.8Lu0.2O3,752,0.023,0.027440385,Ba,1,2,,,,Zr,0.8,4,Lu,0.2,3
BaZr0.8Lu0.2O3,664,0.023,0.047445575,Ba,1,2,,,,Zr,0.8,4,Lu,0.2,3
BaZr0.8Lu0.2O3,609,0.023,0.065479001,Ba,1,2,,,,Zr,0.8,4,Lu,0.2,3
BaZr0.8Lu0.2O3,559,0.023,0.087538113,Ba,1,2,,,,Zr,0.8,4,Lu,0.2,3
BaZr0.8Lu0.2O3,535,0.023,0.102203109,Ba,1,2,,,,Zr,0.8,4,Lu,0.2,3
BaZr0.8Lu0.2O3,483,0.023,0.133669178,Ba,1,2,,,,Zr,0.8,4,Lu,0.2,3
BaZr0.8Lu0.2O3,453,0.023,0.150305939,Ba,1,2,,,,Zr,0.8,4,Lu,0.2,3
BaZr0.8Lu0.2O3,409,0.023,0.170228972,Ba,1,2,,,,Zr,0.8,4,Lu,0.2,3
BaZr0.8Lu0.2O3,374,0.023,0.178773284,Ba,1,2,,,,Zr,0.8,4,Lu,0.2,3
BaZr0.8Lu0.2O3,344,0.023,0.183867008,Ba,1,2,,,,Zr,0.8,4,Lu,0.2,3
BaZr0.8Lu0.2O3,311,0.023,0.186454948,Ba,1,2,,,,Zr,0.8,4,Lu,0.2,3
BaZr0.8Lu0.2O3,266,0.023,0.190850339,Ba,1,2,,,,Zr,0.8,4,Lu,0.2,3
BaZr0.8Lu0.2O3,233,0.023,0.191425437,Ba,1,2,,,,Zr,0.8,4,Lu,0.2,3
BaZr0.8Lu0.2O3,190,0.023,0.191425437,Ba,1,2,,,,Zr,0.8,4,Lu,0.2,3
BaZr0.8Lu0.2O3,119,0.023,0.191425437,Ba,1,2,,,,Zr,0.8,4,Lu,0.2,3
BaZr0.8Lu0.2O3,57,0.023,0.191425437,Ba,1,2,,,,Zr,0.8,4,Lu,0.2,3
BaCe0.8Y0.2O3,1200,0.019,0.004855573,Ba,1,2,,,,Ce,0.8,4,Y,0.2,3
BaCe0.8Y0.2O3,1150,0.019,0.006042285,Ba,1,2,,,,Ce,0.8,4,Y,0.2,3
BaCe0.8Y0.2O3,1100,0.019,0.007631947,Ba,1,2,,,,Ce,0.8,4,Y,0.2,3
BaCe0.8Y0.2O3,1050,0.019,0.009796855,Ba,1,2,,,,Ce,0.8,4,Y,0.2,3
BaCe0.8Y0.2O3,1000,0.019,0.0127962,Ba,1,2,,,,Ce,0.8,4,Y,0.2,3
BaCe0.8Y0.2O3,950,0.019,0.017023726,Ba,1,2,,,,Ce,0.8,4,Y,0.2,3
BaCe0.8Y0.2O3,900,0.019,0.023078629,Ba,1,2,,,,Ce,0.8,4,Y,0.2,3
BaCe0.8Y0.2O3,850,0.019,0.031858831,Ba,1,2,,,,Ce,0.8,4,Y,0.2,3
BaCe0.8Y0.2O3,800,0.019,0.044638467,Ba,1,2,,,,Ce,0.8,4,Y,0.2,3
BaCe0.8Y0.2O3,750,0.019,0.062958256,Ba,1,2,,,,Ce,0.8,4,Y,0.2,3
BaCe0.8Y0.2O3,700,0.019,0.0878069,Ba,1,2,,,,Ce,0.8,4,Y,0.2,3
BaCe0.8Y0.2O3,650,0.019,0.117234343,Ba,1,2,,,,Ce,0.8,4,Y,0.2,3
BaCe0.8Y0.2O3,600,0.019,0.143801325,Ba,1,2,,,,Ce,0.8,4,Y,0.2,3
BaCe0.8Y0.2O3,550,0.019,0.159634835,Ba,1,2,,,,Ce,0.8,4,Y,0.2,3
BaCe0.8Y0.2O3,500,0.019,0.165675837,Ba,1,2,,,,Ce,0.8,4,Y,0.2,3
BaCe0.8Y0.2O3,450,0.019,0.167293037,Ba,1,2,,,,Ce,0.8,4,Y,0.2,3
BaCe0.8Y0.2O3,400,0.019,0.167621466,Ba,1,2,,,,Ce,0.8,4,Y,0.2,3
BaCe0.8Y0.2O3,350,0.019,0.167672303,Ba,1,2,,,,Ce,0.8,4,Y,0.2,3
BaCe0.8Y0.2O3,300,0.019,0.167678031,Ba,1,2,,,,Ce,0.8,4,Y,0.2,3
BaSn0.75Y0.25O3,800.7600434,0.021,0.001010101,Ba,1,2,,,,Sn,0.75,4,Y,0.25,3
BaSn0.75Y0.25O3,691.3137894,0.021,0.001515152,Ba,1,2,,,,Sn,0.75,4,Y,0.25,3
BaSn0.75Y0.25O3,584.907709,0.021,0.004040404,Ba,1,2,,,,Sn,0.75,4,Y,0.25,3
BaSn0.75Y0.25O3,531.7046688,0.021,0.008080808,Ba,1,2,,,,Sn,0.75,4,Y,0.25,3
BaSn0.75Y0.25O3,477.7415852,0.021,0.010606061,Ba,1,2,,,,Sn,0.75,4,Y,0.25,3
BaSn0.75Y0.25O3,423.7785016,0.021,0.016666667,Ba,1,2,,,,Sn,0.75,4,Y,0.25,3
BaSn0.75Y0.25O3,369.0553746,0.021,0.026767677,Ba,1,2,,,,Sn,0.75,4,Y,0.25,3
BaSn0.75Y0.25O3,315.092291,0.021,0.041919192,Ba,1,2,,,,Sn,0.75,4,Y,0.25,3
BaSn0.75Y0.25O3,262.6492942,0.021,0.065656566,Ba,1,2,,,,Sn,0.75,4,Y,0.25,3
BaSn0.75Y0.25O3,207.9261672,0.021,0.107575758,Ba,1,2,,,,Sn,0.75,4,Y,0.25,3
BaSn0.75Y0.25O3,154.723127,0.021,0.161616162,Ba,1,2,,,,Sn,0.75,4,Y,0.25,3
BaSn0.75Y0.25O3,100,0.021,0.193939394,Ba,1,2,,,,Sn,0.75,4,Y,0.25,3
BaSn0.95Y0.05O3,100.7600434,0.021,0.021717172,Ba,1,2,,,,Sn,0.95,4,Y,0.05,3
BaSn0.95Y0.05O3,153.9630836,0.021,0.020707071,Ba,1,2,,,,Sn,0.95,4,Y,0.05,3
BaSn0.95Y0.05O3,207.9261672,0.021,0.018181818,Ba,1,2,,,,Sn,0.95,4,Y,0.05,3
BaSn0.95Y0.05O3,261.8892508,0.021,0.014141414,Ba,1,2,,,,Sn,0.95,4,Y,0.05,3
BaSn0.95Y0.05O3,315.8523344,0.021,0.01010101,Ba,1,2,,,,Sn,0.95,4,Y,0.05,3
BaSn0.95Y0.05O3,369.815418,0.021,0.007575758,Ba,1,2,,,,Sn,0.95,4,Y,0.05,3
BaSn0.95Y0.05O3,423.0184582,0.021,0.005555556,Ba,1,2,,,,Sn,0.95,4,Y,0.05,3
BaSn0.95Y0.05O3,477.7415852,0.021,0.004040404,Ba,1,2,,,,Sn,0.95,4,Y,0.05,3
BaSn0.95Y0.05O3,530.184582,0.021,0.002525253,Ba,1,2,,,,Sn,0.95,4,Y,0.05,3
BaSn0.95Y0.05O3,584.907709,0.021,0.001515152,Ba,1,2,,,,Sn,0.95,4,Y,0.05,3
BaSn0.95Y0.05O3,691.3137894,0.021,1.11E-16,Ba,1,2,,,,Sn,0.95,4,Y,0.05,3
BaSn0.95Y0.05O3,800,0.021,0,Ba,1,2,,,,Sn,0.95,4,Y,0.05,3
BaSn0.625Y0.375O3,800.7600434,0.021,0.005050505,Ba,1,2,,,,Sn,0.625,4,Y,0.375,3
BaSn0.625Y0.375O3,692.0738328,0.021,0.01010101,Ba,1,2,,,,Sn,0.625,4,Y,0.375,3
BaSn0.625Y0.375O3,584.907709,0.021,0.018686869,Ba,1,2,,,,Sn,0.625,4,Y,0.375,3
BaSn0.625Y0.375O3,530.9446254,0.021,0.026767677,Ba,1,2,,,,Sn,0.625,4,Y,0.375,3
BaSn0.625Y0.375O3,476.9815418,0.021,0.038888889,Ba,1,2,,,,Sn,0.625,4,Y,0.375,3
BaSn0.625Y0.375O3,423.7785016,0.021,0.05959596,Ba,1,2,,,,Sn,0.625,4,Y,0.375,3
BaSn0.625Y0.375O3,369.0553746,0.021,0.098989899,Ba,1,2,,,,Sn,0.625,4,Y,0.375,3
BaSn0.625Y0.375O3,314.3322476,0.021,0.164646465,Ba,1,2,,,,Sn,0.625,4,Y,0.375,3
BaSn0.625Y0.375O3,261.8892508,0.021,0.262121212,Ba,1,2,,,,Sn,0.625,4,Y,0.375,3
BaSn0.625Y0.375O3,208.6862106,0.021,0.314646465,Ba,1,2,,,,Sn,0.625,4,Y,0.375,3
BaSn0.625Y0.375O3,153.9630836,0.021,0.337373737,Ba,1,2,,,,Sn,0.625,4,Y,0.375,3
BaSn0.625Y0.375O3,100,0.021,0.348484848,Ba,1,2,,,,Sn,0.625,4,Y,0.375,3
BaSn0.875Gd0.125O3,800,0.021,0.00350888,Ba,1,2,,,,Sn,0.875,4,Gd,0.125,3
BaSn0.875Gd0.125O3,691.5700738,0.021,0.006259989,Ba,1,2,,,,Sn,0.875,4,Gd,0.125,3
BaSn0.875Gd0.125O3,584.6153846,0.021,0.010617246,Ba,1,2,,,,Sn,0.875,4,Gd,0.125,3
BaSn0.875Gd0.125O3,531.5068493,0.021,0.013233907,Ba,1,2,,,,Sn,0.875,4,Gd,0.125,3
BaSn0.875Gd0.125O3,476.9230769,0.021,0.016288217,Ba,1,2,,,,Sn,0.875,4,Gd,0.125,3
BaSn0.875Gd0.125O3,423.8145416,0.021,0.020364733,Ba,1,2,,,,Sn,0.875,4,Gd,0.125,3
BaSn0.875Gd0.125O3,369.9683878,0.021,0.025608978,Ba,1,2,,,,Sn,0.875,4,Gd,0.125,3
BaSn0.875Gd0.125O3,315.3846154,0.021,0.03333482,Ba,1,2,,,,Sn,0.875,4,Gd,0.125,3
BaSn0.875Gd0.125O3,260.800843,0.021,0.043980371,Ba,1,2,,,,Sn,0.875,4,Gd,0.125,3
BaSn0.875Gd0.125O3,207.6923077,0.021,0.058567836,Ba,1,2,,,,Sn,0.875,4,Gd,0.125,3
BaSn0.875Gd0.125O3,153.8461538,0.021,0.077242737,Ba,1,2,,,,Sn,0.875,4,Gd,0.125,3
BaSn0.875Gd0.125O3,100.7376185,0.021,0.091684216,Ba,1,2,,,,Sn,0.875,4,Gd,0.125,3
BaSn0.875In0.125O3,798.5247629,0.021,0.001610762,Ba,1,2,,,,Sn,0.875,4,Gd,0.125,3
BaSn0.875In0.125O3,693.0453109,0.021,0.002464677,Ba,1,2,,,,Sn,0.875,4,Gd,0.125,3
BaSn0.875In0.125O3,583.8777661,0.021,0.004485705,Ba,1,2,,,,Sn,0.875,4,Gd,0.125,3
BaSn0.875In0.125O3,530.7692308,0.021,0.006080469,Ba,1,2,,,,Sn,0.875,4,Gd,0.125,3
BaSn0.875In0.125O3,476.9230769,0.021,0.007675079,Ba,1,2,,,,Sn,0.875,4,Gd,0.125,3
BaSn0.875In0.125O3,423.0769231,0.021,0.010583557,Ba,1,2,,,,Sn,0.875,4,Gd,0.125,3
BaSn0.875In0.125O3,369.2307692,0.021,0.014805904,Ba,1,2,,,,Sn,0.875,4,Gd,0.125,3
BaSn0.875In0.125O3,316.1222339,0.021,0.022240084,Ba,1,2,,,,Sn,0.875,4,Gd,0.125,3
BaSn0.875In0.125O3,262.2760801,0.021,0.035221555,Ba,1,2,,,,Sn,0.875,4,Gd,0.125,3
BaSn0.875In0.125O3,207.6923077,0.021,0.054042288,Ba,1,2,,,,Sn,0.875,4,Gd,0.125,3
BaSn0.875In0.125O3,153.8461538,0.021,0.070527409,Ba,1,2,,,,Sn,0.875,4,Gd,0.125,3
BaSn0.875In0.125O3,100,0.021,0.074749756,Ba,1,2,,,,Sn,0.875,4,Gd,0.125,3
BaSn0.875Sc0.125O3,99.26238145,0.021,0.10686639,Ba,1,2,,,,Sn,0.875,4,Sc,0.125,3
BaSn0.875Sc0.125O3,153.1085353,0.021,0.104687839,Ba,1,2,,,,Sn,0.875,4,Sc,0.125,3
BaSn0.875Sc0.125O3,207.6923077,0.021,0.101049587,Ba,1,2,,,,Sn,0.875,4,Sc,0.125,3
BaSn0.875Sc0.125O3,261.5384615,0.021,0.093907532,Ba,1,2,,,,Sn,0.875,4,Sc,0.125,3
BaSn0.875Sc0.125O3,314.6469968,0.021,0.080341966,Ba,1,2,,,,Sn,0.875,4,Sc,0.125,3
BaSn0.875Sc0.125O3,369.2307692,0.021,0.059185466,Ba,1,2,,,,Sn,0.875,4,Sc,0.125,3
BaSn0.875Sc0.125O3,423.0769231,0.021,0.040802535,Ba,1,2,,,,Sn,0.875,4,Sc,0.125,3
BaSn0.875Sc0.125O3,476.9230769,0.021,0.027675079,Ba,1,2,,,,Sn,0.875,4,Sc,0.125,3
BaSn0.875Sc0.125O3,530.7692308,0.021,0.01907317,Ba,1,2,,,,Sn,0.875,4,Sc,0.125,3
BaSn0.875Sc0.125O3,583.8777661,0.021,0.013682786,Ba,1,2,,,,Sn,0.875,4,Sc,0.125,3
BaSn0.875Sc0.125O3,691.5700738,0.021,0.007573858,Ba,1,2,,,,Sn,0.875,4,Sc,0.125,3
BaSn0.875Sc0.125O3,800.7376185,0.021,0.00394699,Ba,1,2,,,,Sn,0.875,4,Sc,0.125,3
BaSn0.875Y0.125O3,799.2623815,0.021,0.004238653,Ba,1,2,,,,Sn,0.875,4,Y,0.125,3
BaSn0.875Y0.125O3,693.0453109,0.021,0.006406282,Ba,1,2,,,,Sn,0.875,4,Y,0.125,3
BaSn0.875Y0.125O3,584.6153846,0.021,0.009303377,Ba,1,2,,,,Sn,0.875,4,Y,0.125,3
BaSn0.875Y0.125O3,530.7692308,0.021,0.011481929,Ba,1,2,,,,Sn,0.875,4,Y,0.125,3
BaSn0.875Y0.125O3,475.4478398,0.021,0.013952143,Ba,1,2,,,,Sn,0.875,4,Y,0.125,3
BaSn0.875Y0.125O3,422.3393045,0.021,0.017590702,Ba,1,2,,,,Sn,0.875,4,Y,0.125,3
BaSn0.875Y0.125O3,369.2307692,0.021,0.023273057,Ba,1,2,,,,Sn,0.875,4,Y,0.125,3
BaSn0.875Y0.125O3,314.6469968,0.021,0.032166783,Ba,1,2,,,,Sn,0.875,4,Y,0.125,3
BaSn0.875Y0.125O3,261.5384615,0.021,0.047192204,Ba,1,2,,,,Sn,0.875,4,Y,0.125,3
BaSn0.875Y0.125O3,207.6923077,0.021,0.064845208,Ba,1,2,,,,Sn,0.875,4,Y,0.125,3
BaSn0.875Y0.125O3,154.5837724,0.021,0.078410774,Ba,1,2,,,,Sn,0.875,4,Y,0.125,3
BaSn0.875Y0.125O3,100,0.021,0.080443186,Ba,1,2,,,,Sn,0.875,4,Y,0.125,3
CaZr0.96In0.04O3,1200,0.019,0.000853819,Ca,1,2,,,,Zr,0.96,4,In,0.04,3
CaZr0.96In0.04O3,1072,0.019,0.001287504,Ca,1,2,,,,Zr,0.96,4,In,0.04,3
CaZr0.96In0.04O3,974,0.019,0.001599216,Ca,1,2,,,,Zr,0.96,4,In,0.04,3
CaZr0.96In0.04O3,876,0.019,0.002141323,Ca,1,2,,,,Zr,0.96,4,In,0.04,3
CaZr0.96In0.04O3,778,0.019,0.002385271,Ca,1,2,,,,Zr,0.96,4,In,0.04,3
CaZr0.96In0.04O3,680,0.019,0.00288672,Ca,1,2,,,,Zr,0.96,4,In,0.04,3
CaZr0.96In0.04O3,582,0.019,0.003171326,Ca,1,2,,,,Zr,0.96,4,In,0.04,3
CaZr0.96In0.04O3,483,0.019,0.003455932,Ca,1,2,,,,Zr,0.96,4,In,0.04,3
CaZr0.96In0.04O3,386,0.019,0.00344238,Ca,1,2,,,,Zr,0.96,4,In,0.04,3
CaZr0.96In0.04O3,288,0.019,0.002968036,Ca,1,2,,,,Zr,0.96,4,In,0.04,3
CaZr0.96In0.04O3,190,0.019,0.002859615,Ca,1,2,,,,Zr,0.96,4,In,0.04,3
CaZr0.96In0.04O3,94,0.019,0.003564354,Ca,1,2,,,,Zr,0.96,4,In,0.04,3
La0.3Ba0.7Yb0.5In0.5O3,1200,0.019,0.001097963,La,0.3,3,Ba,0.7,2,Yb,0.5,3,In,0.5,3
La0.3Ba0.7Yb0.5In0.5O3,1092,0.019,0.000989967,La,0.3,3,Ba,0.7,2,Yb,0.5,3,In,0.5,3
La0.3Ba0.7Yb0.5In0.5O3,993,0.019,0.001025966,La,0.3,3,Ba,0.7,2,Yb,0.5,3,In,0.5,3
La0.3Ba0.7Yb0.5In0.5O3,895,0.019,0.000971967,La,0.3,3,Ba,0.7,2,Yb,0.5,3,In,0.5,3
La0.3Ba0.7Yb0.5In0.5O3,797,0.019,0.00088197,La,0.3,3,Ba,0.7,2,Yb,0.5,3,In,0.5,3
La0.3Ba0.7Yb0.5In0.5O3,699,0.019,0.001061964,La,0.3,3,Ba,0.7,2,Yb,0.5,3,In,0.5,3
La0.3Ba0.7Yb0.5In0.5O3,599,0.019,0.00237592,La,0.3,3,Ba,0.7,2,Yb,0.5,3,In,0.5,3
La0.3Ba0.7Yb0.5In0.5O3,500,0.019,0.006245791,La,0.3,3,Ba,0.7,2,Yb,0.5,3,In,0.5,3
La0.3Ba0.7Yb0.5In0.5O3,399,0.019,0.021185291,La,0.3,3,Ba,0.7,2,Yb,0.5,3,In,0.5,3
La0.3Ba0.7Yb0.5In0.5O3,299,0.019,0.110300308,La,0.3,3,Ba,0.7,2,Yb,0.5,3,In,0.5,3
La0.3Ba0.7Yb0.5In0.5O3,200,0.019,0.209063003,La,0.3,3,Ba,0.7,2,Yb,0.5,3,In,0.5,3
La0.5Ba0.5Yb0.5In0.5O3,1200,0.019,0.00032592,La,0.5,3,Ba,0.5,2,Yb,0.5,3,In,0.5,3
La0.5Ba0.5Yb0.5In0.5O3,1092,0.019,0.001158827,La,0.5,3,Ba,0.5,2,Yb,0.5,3,In,0.5,3
La0.5Ba0.5Yb0.5In0.5O3,993,0.019,0.001883095,La,0.5,3,Ba,0.5,2,Yb,0.5,3,In,0.5,3
La0.5Ba0.5Yb0.5In0.5O3,895,0.019,0.002824642,La,0.5,3,Ba,0.5,2,Yb,0.5,3,In,0.5,3
La0.5Ba0.5Yb0.5In0.5O3,797,0.019,0.002824642,La,0.5,3,Ba,0.5,2,Yb,0.5,3,In,0.5,3
La0.5Ba0.5Yb0.5In0.5O3,699,0.019,0.002788429,La,0.5,3,Ba,0.5,2,Yb,0.5,3,In,0.5,3
La0.5Ba0.5Yb0.5In0.5O3,599,0.019,0.002860855,La,0.5,3,Ba,0.5,2,Yb,0.5,3,In,0.5,3
La0.5Ba0.5Yb0.5In0.5O3,500,0.019,0.005468217,La,0.5,3,Ba,0.5,2,Yb,0.5,3,In,0.5,3
La0.5Ba0.5Yb0.5In0.5O3,399,0.019,0.015861451,La,0.5,3,Ba,0.5,2,Yb,0.5,3,In,0.5,3
La0.5Ba0.5Yb0.5In0.5O3,299,0.019,0.07583077,La,0.5,3,Ba,0.5,2,Yb,0.5,3,In,0.5,3
La0.5Ba0.5Yb0.5In0.5O3,200,0.019,0.140181907,La,0.5,3,Ba,0.5,2,Yb,0.5,3,In,0.5,3
La0.7Ba0.3Yb0.5In0.5O3,1200,0.019,0.000819793,La,0.7,3,Ba,0.3,2,Yb,0.5,3,In,0.5,3
La0.7Ba0.3Yb0.5In0.5O3,1092,0.019,0.001512062,La,0.7,3,Ba,0.3,2,Yb,0.5,3,In,0.5,3
La0.7Ba0.3Yb0.5In0.5O3,993,0.019,0.002277202,La,0.7,3,Ba,0.3,2,Yb,0.5,3,In,0.5,3
La0.7Ba0.3Yb0.5In0.5O3,895,0.019,0.003260953,La,0.7,3,Ba,0.3,2,Yb,0.5,3,In,0.5,3
La0.7Ba0.3Yb0.5In0.5O3,797,0.019,0.004372227,La,0.7,3,Ba,0.3,2,Yb,0.5,3,In,0.5,3
La0.7Ba0.3Yb0.5In0.5O3,699,0.019,0.00648547,La,0.7,3,Ba,0.3,2,Yb,0.5,3,In,0.5,3
La0.7Ba0.3Yb0.5In0.5O3,599,0.019,0.009746423,La,0.7,3,Ba,0.3,2,Yb,0.5,3,In,0.5,3
La0.7Ba0.3Yb0.5In0.5O3,500,0.019,0.014719831,La,0.7,3,Ba,0.3,2,Yb,0.5,3,In,0.5,3
La0.7Ba0.3Yb0.5In0.5O3,399,0.019,0.022699146,La,0.7,3,Ba,0.3,2,Yb,0.5,3,In,0.5,3
La0.7Ba0.3Yb0.5In0.5O3,299,0.019,0.046163431,La,0.7,3,Ba,0.3,2,Yb,0.5,3,In,0.5,3
La0.7Ba0.3Yb0.5In0.5O3,200,0.019,0.09852085,La,0.7,3,Ba,0.3,2,Yb,0.5,3,In,0.5,3
La0.9Ba0.1Yb0.5In0.5O3,1200,0.019,0.000549666,La,0.9,3,Ba,0.1,2,Yb,0.5,3,In,0.5,3
La0.9Ba0.1Yb0.5In0.5O3,1092,0.019,0.001374164,La,0.9,3,Ba,0.1,2,Yb,0.5,3,In,0.5,3
La0.9Ba0.1Yb0.5In0.5O3,993,0.019,0.002565106,La,0.9,3,Ba,0.1,2,Yb,0.5,3,In,0.5,3
La0.9Ba0.1Yb0.5In0.5O3,895,0.019,0.003920948,La,0.9,3,Ba,0.1,2,Yb,0.5,3,In,0.5,3
La0.9Ba0.1Yb0.5In0.5O3,797,0.019,0.005496657,La,0.9,3,Ba,0.1,2,Yb,0.5,3,In,0.5,3
La0.9Ba0.1Yb0.5In0.5O3,699,0.019,0.00811673,La,0.9,3,Ba,0.1,2,Yb,0.5,3,In,0.5,3
La0.9Ba0.1Yb0.5In0.5O3,599,0.019,0.013155332,La,0.9,3,Ba,0.1,2,Yb,0.5,3,In,0.5,3
La0.9Ba0.1Yb0.5In0.5O3,500,0.019,0.020099441,La,0.9,3,Ba,0.1,2,Yb,0.5,3,In,0.5,3
La0.9Ba0.1Yb0.5In0.5O3,399,0.019,0.027941338,La,0.9,3,Ba,0.1,2,Yb,0.5,3,In,0.5,3
La0.9Ba0.1Yb0.5In0.5O3,299,0.019,0.03523357,La,0.9,3,Ba,0.1,2,Yb,0.5,3,In,0.5,3
La0.9Ba0.1Yb0.5In0.5O3,200,0.019,0.045512318,La,0.9,3,Ba,0.1,2,Yb,0.5,3,In,0.5,3
La0.9Ba0.1YbO3,1200,0.019,0.004511783,La,0.9,3,Ba,0.1,2,Yb,1,3,,,
La0.9Ba0.1YbO3,1069,0.019,0.007513099,La,0.9,3,Ba,0.1,2,Yb,1,3,,,
La0.9Ba0.1YbO3,971,0.019,0.0103771,La,0.9,3,Ba,0.1,2,Yb,1,3,,,
La0.9Ba0.1YbO3,872,0.019,0.013496115,La,0.9,3,Ba,0.1,2,Yb,1,3,,,
La0.9Ba0.1YbO3,775,0.019,0.015928554,La,0.9,3,Ba,0.1,2,Yb,1,3,,,
La0.9Ba0.1YbO3,676,0.019,0.017380171,La,0.9,3,Ba,0.1,2,Yb,1,3,,,
La0.9Ba0.1YbO3,578,0.019,0.018007898,La,0.9,3,Ba,0.1,2,Yb,1,3,,,
La0.9Ba0.1YbO3,479,0.019,0.018321761,La,0.9,3,Ba,0.1,2,Yb,1,3,,,
La0.9Ba0.1YbO3,381,0.019,0.018243295,La,0.9,3,Ba,0.1,2,Yb,1,3,,,
La0.9Ba0.1YbO3,285,0.019,0.01804713,La,0.9,3,Ba,0.1,2,Yb,1,3,,,
La0.9Ca0.1YbO3,1200,0.019,0.0017,La,0.9,3,Ca,0.1,2,Yb,1,3,,,
La0.9Ca0.1YbO3,1069,0.019,0.00284,La,0.9,3,Ca,0.1,2,Yb,1,3,,,
La0.9Ca0.1YbO3,971,0.019,0.00357,La,0.9,3,Ca,0.1,2,Yb,1,3,,,
La0.9Ca0.1YbO3,872,0.019,0.00392,La,0.9,3,Ca,0.1,2,Yb,1,3,,,
La0.9Ca0.1YbO3,775,0.019,0.0042,La,0.9,3,Ca,0.1,2,Yb,1,3,,,
La0.9Ca0.1YbO3,676,0.019,0.0046,La,0.9,3,Ca,0.1,2,Yb,1,3,,,
La0.9Ca0.1YbO3,578,0.019,0.00469,La,0.9,3,Ca,0.1,2,Yb,1,3,,,
La0.9Ca0.1YbO3,479,0.019,0.00467,La,0.9,3,Ca,0.1,2,Yb,1,3,,,
La0.9Ca0.1YbO3,381,0.019,0.00457,La,0.9,3,Ca,0.1,2,Yb,1,3,,,
La0.9Ca0.1YbO3,285,0.019,0.00433,La,0.9,3,Ca,0.1,2,Yb,1,3,,,
La0.9Mg0.1YbO3,1200,0.019,0.0006,La,0.9,3,Mg,0.1,2,Yb,1,3,,,
La0.9Mg0.1YbO3,1069,0.019,0.0011,La,0.9,3,Mg,0.1,2,Yb,1,3,,,
La0.9Mg0.1YbO3,971,0.019,0.00134,La,0.9,3,Mg,0.1,2,Yb,1,3,,,
La0.9Mg0.1YbO3,872,0.019,0.0016,La,0.9,3,Mg,0.1,2,Yb,1,3,,,
La0.9Mg0.1YbO3,775,0.019,0.00177,La,0.9,3,Mg,0.1,2,Yb,1,3,,,
La0.9Mg0.1YbO3,676,0.019,0.00191,La,0.9,3,Mg,0.1,2,Yb,1,3,,,
La0.9Mg0.1YbO3,578,0.019,0.00189,La,0.9,3,Mg,0.1,2,Yb,1,3,,,
La0.9Mg0.1YbO3,479,0.019,0.00195,La,0.9,3,Mg,0.1,2,Yb,1,3,,,
La0.9Mg0.1YbO3,381,0.019,0.00179,La,0.9,3,Mg,0.1,2,Yb,1,3,,,
La0.9Mg0.1YbO3,285,0.019,0.00163,La,0.9,3,Mg,0.1,2,Yb,1,3,,,
La0.9Sr0.1InO3,1200,0.019,0.00096446,La,0.9,3,Sr,0.1,2,In,1,3,,,
La0.9Sr0.1InO3,1069,0.019,0.001319788,La,0.9,3,Sr,0.1,2,In,1,3,,,
La0.9Sr0.1InO3,971,0.019,0.001861239,La,0.9,3,Sr,0.1,2,In,1,3,,,
La0.9Sr0.1InO3,872,0.019,0.002808779,La,0.9,3,Sr,0.1,2,In,1,3,,,
La0.9Sr0.1InO3,775,0.019,0.004585417,La,0.9,3,Sr,0.1,2,In,1,3,,,
La0.9Sr0.1InO3,676,0.019,0.008375577,La,0.9,3,Sr,0.1,2,In,1,3,,,
La0.9Sr0.1InO3,578,0.019,0.016903437,La,0.9,3,Sr,0.1,2,In,1,3,,,
La0.9Sr0.1InO3,479,0.019,0.031438024,La,0.9,3,Sr,0.1,2,In,1,3,,,
La0.9Sr0.1InO3,381,0.019,0.059424296,La,0.9,3,Sr,0.1,2,In,1,3,,,
La0.9Sr0.1InO3,285,0.019,0.071386989,La,0.9,3,Sr,0.1,2,In,1,3,,,
La0.9Sr0.1ScO3,1200,0.019,0.001702173,La,0.9,3,Sr,0.1,2,Sc,1,3,,,
La0.9Sr0.1ScO3,1069,0.019,0.002689433,La,0.9,3,Sr,0.1,2,Sc,1,3,,,
La0.9Sr0.1ScO3,971,0.019,0.00400578,La,0.9,3,Sr,0.1,2,Sc,1,3,,,
La0.9Sr0.1ScO3,872,0.019,0.006388823,La,0.9,3,Sr,0.1,2,Sc,1,3,,,
La0.9Sr0.1ScO3,775,0.019,0.010791777,La,0.9,3,Sr,0.1,2,Sc,1,3,,,
La0.9Sr0.1ScO3,676,0.019,0.019177815,La,0.9,3,Sr,0.1,2,Sc,1,3,,,
La0.9Sr0.1ScO3,578,0.019,0.031263244,La,0.9,3,Sr,0.1,2,Sc,1,3,,,
La0.9Sr0.1ScO3,479,0.019,0.044177063,La,0.9,3,Sr,0.1,2,Sc,1,3,,,
La0.9Sr0.1ScO3,381,0.019,0.053391492,La,0.9,3,Sr,0.1,2,Sc,1,3,,,
La0.9Sr0.1ScO3,285,0.019,0.05454897,La,0.9,3,Sr,0.1,2,Sc,1,3,,,
La0.9Sr0.1Y0.2In0.8O3,1200,0.019,0.001405037,La,0.9,3,Sr,0.1,2,Y,0.2,3,In,0.8,3
La0.9Sr0.1Y0.2In0.8O3,1067,0.019,0.001561152,La,0.9,3,Sr,0.1,2,Y,0.2,3,In,0.8,3
La0.9Sr0.1Y0.2In0.8O3,969,0.019,0.002341728,La,0.9,3,Sr,0.1,2,Y,0.2,3,In,0.8,3
La0.9Sr0.1Y0.2In0.8O3,871,0.019,0.00359065,La,0.9,3,Sr,0.1,2,Y,0.2,3,In,0.8,3
La0.9Sr0.1Y0.2In0.8O3,769,0.019,0.00686907,La,0.9,3,Sr,0.1,2,Y,0.2,3,In,0.8,3
La0.9Sr0.1Y0.2In0.8O3,676,0.019,0.014674832,La,0.9,3,Sr,0.1,2,Y,0.2,3,In,0.8,3
La0.9Sr0.1Y0.2In0.8O3,578,0.019,0.028569087,La,0.9,3,Sr,0.1,2,Y,0.2,3,In,0.8,3
La0.9Sr0.1Y0.2In0.8O3,480,0.019,0.043400034,La,0.9,3,Sr,0.1,2,Y,0.2,3,In,0.8,3
La0.9Sr0.1Y0.2In0.8O3,383,0.019,0.088517336,La,0.9,3,Sr,0.1,2,Y,0.2,3,In,0.8,3
La0.9Sr0.1Y0.2In0.8O3,285,0.019,0.100506985,La,0.9,3,Sr,0.1,2,Y,0.2,3,In,0.8,3
La0.9Sr0.1Y0.5In0.5O3,1200,0.019,0.001565985,La,0.9,3,Sr,0.1,2,Y,0.5,3,In,0.5,3
La0.9Sr0.1Y0.5In0.5O3,1067,0.019,0.002348977,La,0.9,3,Sr,0.1,2,Y,0.5,3,In,0.5,3
La0.9Sr0.1Y0.5In0.5O3,969,0.019,0.003758364,La,0.9,3,Sr,0.1,2,Y,0.5,3,In,0.5,3
La0.9Sr0.1Y0.5In0.5O3,871,0.019,0.006530157,La,0.9,3,Sr,0.1,2,Y,0.5,3,In,0.5,3
La0.9Sr0.1Y0.5In0.5O3,769,0.019,0.01141603,La,0.9,3,Sr,0.1,2,Y,0.5,3,In,0.5,3
La0.9Sr0.1Y0.5In0.5O3,676,0.019,0.018901438,La,0.9,3,Sr,0.1,2,Y,0.5,3,In,0.5,3
La0.9Sr0.1Y0.5In0.5O3,578,0.019,0.026104969,La,0.9,3,Sr,0.1,2,Y,0.5,3,In,0.5,3
La0.9Sr0.1Y0.5In0.5O3,480,0.019,0.029597115,La,0.9,3,Sr,0.1,2,Y,0.5,3,In,0.5,3
La0.9Sr0.1Y0.5In0.5O3,383,0.019,0.030912543,La,0.9,3,Sr,0.1,2,Y,0.5,3,In,0.5,3
La0.9Sr0.1Y0.5In0.5O3,285,0.019,0.030755944,La,0.9,3,Sr,0.1,2,Y,0.5,3,In,0.5,3
La0.9Sr0.1Y0.8In0.2O3,1200,0.019,0.002056883,La,0.9,3,Sr,0.1,2,Y,0.8,3,In,0.2,3
La0.9Sr0.1Y0.8In0.2O3,1067,0.019,0.002925345,La,0.9,3,Sr,0.1,2,Y,0.8,3,In,0.2,3
La0.9Sr0.1Y0.8In0.2O3,969,0.019,0.004129002,La,0.9,3,Sr,0.1,2,Y,0.8,3,In,0.2,3
La0.9Sr0.1Y0.8In0.2O3,871,0.019,0.005865925,La,0.9,3,Sr,0.1,2,Y,0.8,3,In,0.2,3
La0.9Sr0.1Y0.8In0.2O3,769,0.019,0.007861863,La,0.9,3,Sr,0.1,2,Y,0.8,3,In,0.2,3
La0.9Sr0.1Y0.8In0.2O3,676,0.019,0.009035048,La,0.9,3,Sr,0.1,2,Y,0.8,3,In,0.2,3
La0.9Sr0.1Y0.8In0.2O3,578,0.019,0.009370244,La,0.9,3,Sr,0.1,2,Y,0.8,3,In,0.2,3
La0.9Sr0.1Y0.8In0.2O3,480,0.019,0.009050285,La,0.9,3,Sr,0.1,2,Y,0.8,3,In,0.2,3
La0.9Sr0.1Y0.8In0.2O3,383,0.019,0.009735912,La,0.9,3,Sr,0.1,2,Y,0.8,3,In,0.2,3
La0.9Sr0.1Y0.8In0.2O3,285,0.019,0.009949219,La,0.9,3,Sr,0.1,2,Y,0.8,3,In,0.2,3
La0.9Sr0.1Yb0.2In0.8O3,1200,0.019,0.000841189,La,0.9,3,Sr,0.1,2,Yb,0.2,3,In,0.8,3
La0.9Sr0.1Yb0.2In0.8O3,1069,0.019,0.001177665,La,0.9,3,Sr,0.1,2,Yb,0.2,3,In,0.8,3
La0.9Sr0.1Yb0.2In0.8O3,971,0.019,0.001850616,La,0.9,3,Sr,0.1,2,Yb,0.2,3,In,0.8,3
La0.9Sr0.1Yb0.2In0.8O3,872,0.019,0.00302828,La,0.9,3,Sr,0.1,2,Yb,0.2,3,In,0.8,3
La0.9Sr0.1Yb0.2In0.8O3,775,0.019,0.005888323,La,0.9,3,Sr,0.1,2,Yb,0.2,3,In,0.8,3
La0.9Sr0.1Yb0.2In0.8O3,676,0.019,0.011608408,La,0.9,3,Sr,0.1,2,Yb,0.2,3,In,0.8,3
La0.9Sr0.1Yb0.2In0.8O3,578,0.019,0.023889767,La,0.9,3,Sr,0.1,2,Yb,0.2,3,In,0.8,3
La0.9Sr0.1Yb0.2In0.8O3,479,0.019,0.041050023,La,0.9,3,Sr,0.1,2,Yb,0.2,3,In,0.8,3
La0.9Sr0.1Yb0.2In0.8O3,381,0.019,0.057032613,La,0.9,3,Sr,0.1,2,Yb,0.2,3,In,0.8,3
La0.9Sr0.1Yb0.2Y0.8O3,1200,0.019,0.004269226,La,0.9,3,Sr,0.1,2,Yb,0.2,3,Y,0.8,3
La0.9Sr0.1Yb0.2Y0.8O3,1069,0.019,0.005780244,La,0.9,3,Sr,0.1,2,Yb,0.2,3,Y,0.8,3
La0.9Sr0.1Yb0.2Y0.8O3,971,0.019,0.00717134,La,0.9,3,Sr,0.1,2,Yb,0.2,3,Y,0.8,3
La0.9Sr0.1Yb0.2Y0.8O3,872,0.019,0.007962826,La,0.9,3,Sr,0.1,2,Yb,0.2,3,Y,0.8,3
La0.9Sr0.1Yb0.2Y0.8O3,775,0.019,0.00820267,La,0.9,3,Sr,0.1,2,Yb,0.2,3,Y,0.8,3
La0.9Sr0.1Yb0.2Y0.8O3,676,0.019,0.008298608,La,0.9,3,Sr,0.1,2,Yb,0.2,3,Y,0.8,3
La0.9Sr0.1Yb0.2Y0.8O3,578,0.019,0.008130717,La,0.9,3,Sr,0.1,2,Yb,0.2,3,Y,0.8,3
La0.9Sr0.1Yb0.2Y0.8O3,479,0.019,0.008082748,La,0.9,3,Sr,0.1,2,Yb,0.2,3,Y,0.8,3
La0.9Sr0.1Yb0.2Y0.8O3,381,0.019,0.008370561,La,0.9,3,Sr,0.1,2,Yb,0.2,3,Y,0.8,3
La0.9Sr0.1Yb0.2Y0.8O3,285,0.019,0.007555091,La,0.9,3,Sr,0.1,2,Yb,0.2,3,Y,0.8,3
La0.9Sr0.1Yb0.5In0.5O3,1200,0.019,0.001752497,La,0.9,3,Sr,0.1,2,Yb,0.5,3,In,0.5,3
La0.9Sr0.1Yb0.5In0.5O3,1069,0.019,0.002271093,La,0.9,3,Sr,0.1,2,Yb,0.5,3,In,0.5,3
La0.9Sr0.1Yb0.5In0.5O3,971,0.019,0.003129458,La,0.9,3,Sr,0.1,2,Yb,0.5,3,In,0.5,3
La0.9Sr0.1Yb0.5In0.5O3,872,0.019,0.005114429,La,0.9,3,Sr,0.1,2,Yb,0.5,3,In,0.5,3
La0.9Sr0.1Yb0.5In0.5O3,775,0.019,0.009120136,La,0.9,3,Sr,0.1,2,Yb,0.5,3,In,0.5,3
La0.9Sr0.1Yb0.5In0.5O3,676,0.019,0.017471319,La,0.9,3,Sr,0.1,2,Yb,0.5,3,In,0.5,3
La0.9Sr0.1Yb0.5In0.5O3,578,0.019,0.03161647,La,0.9,3,Sr,0.1,2,Yb,0.5,3,In,0.5,3
La0.9Sr0.1Yb0.5In0.5O3,479,0.019,0.045368204,La,0.9,3,Sr,0.1,2,Yb,0.5,3,In,0.5,3
La0.9Sr0.1Yb0.5In0.5O3,381,0.019,0.053200791,La,0.9,3,Sr,0.1,2,Yb,0.5,3,In,0.5,3
La0.9Sr0.1Yb0.5Y0.5O3,285,0.019,0.001704772,La,0.9,3,Sr,0.1,2,Yb,0.5,3,Y,0.5,3
La0.9Sr0.1Yb0.5Y0.5O3,381,0.019,0.001859751,La,0.9,3,Sr,0.1,2,Yb,0.5,3,Y,0.5,3
La0.9Sr0.1Yb0.5Y0.5O3,479,0.019,0.001963071,La,0.9,3,Sr,0.1,2,Yb,0.5,3,Y,0.5,3
La0.9Sr0.1Yb0.5Y0.5O3,578,0.019,0.00208361,La,0.9,3,Sr,0.1,2,Yb,0.5,3,Y,0.5,3
La0.9Sr0.1Yb0.5Y0.5O3,676,0.019,0.001842532,La,0.9,3,Sr,0.1,2,Yb,0.5,3,Y,0.5,3
La0.9Sr0.1Yb0.5Y0.5O3,775,0.019,0.001756432,La,0.9,3,Sr,0.1,2,Yb,0.5,3,Y,0.5,3
La0.9Sr0.1Yb0.5Y0.5O3,872,0.019,0.001412033,La,0.9,3,Sr,0.1,2,Yb,0.5,3,Y,0.5,3
La0.9Sr0.1Yb0.5Y0.5O3,971,0.019,0.001170955,La,0.9,3,Sr,0.1,2,Yb,0.5,3,Y,0.5,3
La0.9Sr0.1Yb0.5Y0.5O3,1069,0.019,0.001067635,La,0.9,3,Sr,0.1,2,Yb,0.5,3,Y,0.5,3
La0.9Sr0.1Yb0.5Y0.5O3,1200,0.019,0.00010332,La,0.9,3,Sr,0.1,2,Yb,0.5,3,Y,0.5,3
La0.9Sr0.1Yb0.8In0.2O3,1200,0.019,0.00221296,La,0.9,3,Sr,0.1,2,Yb,0.8,3,In,0.2,3
La0.9Sr0.1Yb0.8In0.2O3,1069,0.019,0.00340174,La,0.9,3,Sr,0.1,2,Yb,0.8,3,In,0.2,3
La0.9Sr0.1Yb0.8In0.2O3,971,0.019,0.005139188,La,0.9,3,Sr,0.1,2,Yb,0.8,3,In,0.2,3
La0.9Sr0.1Yb0.8In0.2O3,872,0.019,0.008394616,La,0.9,3,Sr,0.1,2,Yb,0.8,3,In,0.2,3
La0.9Sr0.1Yb0.8In0.2O3,775,0.019,0.013533804,La,0.9,3,Sr,0.1,2,Yb,0.8,3,In,0.2,3
La0.9Sr0.1Yb0.8In0.2O3,676,0.019,0.019459416,La,0.9,3,Sr,0.1,2,Yb,0.8,3,In,0.2,3
La0.9Sr0.1Yb0.8In0.2O3,578,0.019,0.023720736,La,0.9,3,Sr,0.1,2,Yb,0.8,3,In,0.2,3
La0.9Sr0.1Yb0.8In0.2O3,479,0.019,0.025220427,La,0.9,3,Sr,0.1,2,Yb,0.8,3,In,0.2,3
La0.9Sr0.1Yb0.8In0.2O3,381,0.019,0.025403317,La,0.9,3,Sr,0.1,2,Yb,0.8,3,In,0.2,3
La0.9Sr0.1Yb0.8Y0.2O3,1200,0.019,0.003459343,La,0.9,3,Sr,0.1,2,Yb,0.8,3,Y,0.2,3
La0.9Sr0.1Yb0.8Y0.2O3,1069,0.019,0.005339421,La,0.9,3,Sr,0.1,2,Yb,0.8,3,Y,0.2,3
La0.9Sr0.1Yb0.8Y0.2O3,971,0.019,0.007144295,La,0.9,3,Sr,0.1,2,Yb,0.8,3,Y,0.2,3
La0.9Sr0.1Yb0.8Y0.2O3,872,0.019,0.008366346,La,0.9,3,Sr,0.1,2,Yb,0.8,3,Y,0.2,3
La0.9Sr0.1Yb0.8Y0.2O3,775,0.019,0.008986772,La,0.9,3,Sr,0.1,2,Yb,0.8,3,Y,0.2,3
La0.9Sr0.1Yb0.8Y0.2O3,676,0.019,0.009268783,La,0.9,3,Sr,0.1,2,Yb,0.8,3,Y,0.2,3
La0.9Sr0.1Yb0.8Y0.2O3,578,0.019,0.009099576,La,0.9,3,Sr,0.1,2,Yb,0.8,3,Y,0.2,3
La0.9Sr0.1Yb0.8Y0.2O3,479,0.019,0.009343986,La,0.9,3,Sr,0.1,2,Yb,0.8,3,Y,0.2,3
La0.9Sr0.1Yb0.8Y0.2O3,381,0.019,0.009400389,La,0.9,3,Sr,0.1,2,Yb,0.8,3,Y,0.2,3
La0.9Sr0.1Yb0.8Y0.2O3,285,0.019,0.008836365,La,0.9,3,Sr,0.1,2,Yb,0.8,3,Y,0.2,3
La0.9Sr0.1YbO3,1200,0.019,0.003093695,La,0.9,3,Sr,0.1,2,Yb,1,3,,,
La0.9Sr0.1YbO3,1069,0.019,0.004360991,La,0.9,3,Sr,0.1,2,Yb,1,3,,,
La0.9Sr0.1YbO3,971,0.019,0.005628288,La,0.9,3,Sr,0.1,2,Yb,1,3,,,
La0.9Sr0.1YbO3,872,0.019,0.006671944,La,0.9,3,Sr,0.1,2,Yb,1,3,,,
La0.9Sr0.1YbO3,775,0.019,0.007044678,La,0.9,3,Sr,0.1,2,Yb,1,3,,,
La0.9Sr0.1YbO3,676,0.019,0.007212408,La,0.9,3,Sr,0.1,2,Yb,1,3,,,
La0.9Sr0.1YbO3,578,0.019,0.007081951,La,0.9,3,Sr,0.1,2,Yb,1,3,,,
La0.9Sr0.1YbO3,479,0.019,0.00669058,La,0.9,3,Sr,0.1,2,Yb,1,3,,,
La0.9Sr0.1YbO3,381,0.019,0.006056932,La,0.9,3,Sr,0.1,2,Yb,1,3,,,
La0.9Sr0.1YbO3,285,0.019,0.005665561,La,0.9,3,Sr,0.1,2,Yb,1,3,,,
La0.9Sr0.1YO3,1200,0.019,0.003797436,La,0.9,3,Sr,0.1,2,Y,1,3,,,
La0.9Sr0.1YO3,1069,0.019,0.004886035,La,0.9,3,Sr,0.1,2,Y,1,3,,,
La0.9Sr0.1YO3,971,0.019,0.005670838,La,0.9,3,Sr,0.1,2,Y,1,3,,,
La0.9Sr0.1YO3,872,0.019,0.006075898,La,0.9,3,Sr,0.1,2,Y,1,3,,,
La0.9Sr0.1YO3,775,0.019,0.006556907,La,0.9,3,Sr,0.1,2,Y,1,3,,,
La0.9Sr0.1YO3,676,0.019,0.006886018,La,0.9,3,Sr,0.1,2,Y,1,3,,,
La0.9Sr0.1YO3,578,0.019,0.007012599,La,0.9,3,Sr,0.1,2,Y,1,3,,,
La0.9Sr0.1YO3,479,0.019,0.007392343,La,0.9,3,Sr,0.1,2,Y,1,3,,,
La0.9Sr0.1YO3,381,0.019,0.007392343,La,0.9,3,Sr,0.1,2,Y,1,3,,,
La0.9Sr0.1YO3,285,0.019,0.007823225,La,0.9,3,Sr,0.1,2,Y,1,3,,,
Nd0.9Sr0.1InO3,1200,0.019,0,Nd,0.9,3,Sr,0.1,2,In,1,3,,,
Nd0.9Sr0.1InO3,1100,0.019,0,Nd,0.9,3,Sr,0.1,2,In,1,3,,,
Nd0.9Sr0.1InO3,1000,0.019,0.001702821,Nd,0.9,3,Sr,0.1,2,In,1,3,,,
Nd0.9Sr0.1InO3,892,0.019,0.00447408,Nd,0.9,3,Sr,0.1,2,In,1,3,,,
Nd0.9Sr0.1InO3,795,0.019,0.005776237,Nd,0.9,3,Sr,0.1,2,In,1,3,,,
Nd0.9Sr0.1InO3,696,0.019,0.007913111,Nd,0.9,3,Sr,0.1,2,In,1,3,,,
Nd0.9Sr0.1InO3,597,0.019,0.01141892,Nd,0.9,3,Sr,0.1,2,In,1,3,,,
Nd0.9Sr0.1InO3,498,0.019,0.014791174,Nd,0.9,3,Sr,0.1,2,In,1,3,,,
Nd0.9Sr0.1InO3,397,0.019,0.017328712,Nd,0.9,3,Sr,0.1,2,In,1,3,,,
Nd0.9Sr0.1InO3,298,0.019,0.023672557,Nd,0.9,3,Sr,0.1,2,In,1,3,,,
Nd0.9Sr0.1InO3,200,0.019,0.029615738,Nd,0.9,3,Sr,0.1,2,In,1,3,,,
Sm0.9Sr0.1InO3,1200,0.019,0,Sm,0.9,3,Sr,0.1,2,In,1,3,,,
Sm0.9Sr0.1InO3,1100,0.019,0.000339663,Sm,0.9,3,Sr,0.1,2,In,1,3,,,
Sm0.9Sr0.1InO3,1000,0.019,0.002207809,Sm,0.9,3,Sr,0.1,2,In,1,3,,,
Sm0.9Sr0.1InO3,892,0.019,0.00421182,Sm,0.9,3,Sr,0.1,2,In,1,3,,,
Sm0.9Sr0.1InO3,795,0.019,0.005740303,Sm,0.9,3,Sr,0.1,2,In,1,3,,,
Sm0.9Sr0.1InO3,696,0.019,0.007370685,Sm,0.9,3,Sr,0.1,2,In,1,3,,,
Sm0.9Sr0.1InO3,597,0.019,0.01015592,Sm,0.9,3,Sr,0.1,2,In,1,3,,,
Sm0.9Sr0.1InO3,498,0.019,0.01463947,Sm,0.9,3,Sr,0.1,2,In,1,3,,,
Sm0.9Sr0.1InO3,397,0.019,0.016337785,Sm,0.9,3,Sr,0.1,2,In,1,3,,,
Sm0.9Sr0.1InO3,298,0.019,0.022621548,Sm,0.9,3,Sr,0.1,2,In,1,3,,,
Sm0.9Sr0.1InO3,200,0.019,0.028293918,Sm,0.9,3,Sr,0.1,2,In,1,3,,,
SrCe0.9Y0.1O3,1200,0.019,0.002548236,Sr,1,2,,,,Ce,0.9,4,Y,0.1,3
SrCe0.9Y0.1O3,1072,0.019,0.005096472,Sr,1,2,,,,Ce,0.9,4,Y,0.1,3
SrCe0.9Y0.1O3,974,0.019,0.008094396,Sr,1,2,,,,Ce,0.9,4,Y,0.1,3
SrCe0.9Y0.1O3,876,0.019,0.012441387,Sr,1,2,,,,Ce,0.9,4,Y,0.1,3
SrCe0.9Y0.1O3,778,0.019,0.015439312,Sr,1,2,,,,Ce,0.9,4,Y,0.1,3
SrCe0.9Y0.1O3,680,0.019,0.016338689,Sr,1,2,,,,Ce,0.9,4,Y,0.1,3
SrCe0.9Y0.1O3,582,0.019,0.016488585,Sr,1,2,,,,Ce,0.9,4,Y,0.1,3
SrCe0.9Y0.1O3,483,0.019,0.016788378,Sr,1,2,,,,Ce,0.9,4,Y,0.1,3
SrCe0.9Y0.1O3,386,0.019,0.016938274,Sr,1,2,,,,Ce,0.9,4,Y,0.1,3
SrCe0.9Y0.1O3,288,0.019,0.016488585,Sr,1,2,,,,Ce,0.9,4,Y,0.1,3
SrCe0.9Yb0.1O3,1200,0.019,0.003167971,Sr,1,2,,,,Ce,0.9,4,Yb,0.1,3
SrCe0.9Yb0.1O3,1067.48401,0.019,0.005972405,Sr,1,2,,,,Ce,0.9,4,Yb,0.1,3
SrCe0.9Yb0.1O3,969.38098,0.019,0.010213678,Sr,1,2,,,,Ce,0.9,4,Yb,0.1,3
SrCe0.9Yb0.1O3,872.14801,0.019,0.016082215,Sr,1,2,,,,Ce,0.9,4,Yb,0.1,3
SrCe0.9Yb0.1O3,774.65399,0.019,0.021483347,Sr,1,2,,,,Ce,0.9,4,Yb,0.1,3
SrCe0.9Yb0.1O3,676.492,0.019,0.023699195,Sr,1,2,,,,Ce,0.9,4,Yb,0.1,3
SrCe0.9Yb0.1O3,578.27502,0.019,0.024183912,Sr,1,2,,,,Ce,0.9,4,Yb,0.1,3
SrCe0.9Yb0.1O3,480.401,0.019,0.024685941,Sr,1,2,,,,Ce,0.9,4,Yb,0.1,3
SrCe0.9Yb0.1O3,382.59698,0.019,0.025343771,Sr,1,2,,,,Ce,0.9,4,Yb,0.1,3
SrCe0.9Yb0.1O3,284.922,0.019,0.02520528,Sr,1,2,,,,Ce,0.9,4,Yb,0.1,3
SrCe0.95Yb0.05O3,1200,0.019,0.004154717,Sr,1,2,,,,Ce,0.95,4,Yb,0.05,3
SrCe0.95Yb0.05O3,1067.48401,0.019,0.008447924,Sr,1,2,,,,Ce,0.95,4,Yb,0.05,3
SrCe0.95Yb0.05O3,969.38098,0.019,0.01469731,Sr,1,2,,,,Ce,0.95,4,Yb,0.05,3
SrCe0.95Yb0.05O3,872.14801,0.019,0.022989431,Sr,1,2,,,,Ce,0.95,4,Yb,0.05,3
SrCe0.95Yb0.05O3,774.65399,0.019,0.030260185,Sr,1,2,,,,Ce,0.95,4,Yb,0.05,3
SrCe0.95Yb0.05O3,676.492,0.019,0.032631836,Sr,1,2,,,,Ce,0.95,4,Yb,0.05,3
SrCe0.95Yb0.05O3,578.27502,0.019,0.032908817,Sr,1,2,,,,Ce,0.95,4,Yb,0.05,3
SrCe0.95Yb0.05O3,480.401,0.019,0.033185798,Sr,1,2,,,,Ce,0.95,4,Yb,0.05,3
SrCe0.95Yb0.05O3,382.59698,0.019,0.03308193,Sr,1,2,,,,Ce,0.95,4,Yb,0.05,3
SrCe0.95Yb0.05O3,284.922,0.019,0.032614525,Sr,1,2,,,,Ce,0.95,4,Yb,0.05,3
SrCe0.98Yb0.02O3,1200,0.019,0.002285094,Sr,1,2,,,,Ce,0.98,4,Yb,0.02,3
SrCe0.98Yb0.02O3,1067.48401,0.019,0.004535566,Sr,1,2,,,,Ce,0.98,4,Yb,0.02,3
SrCe0.98Yb0.02O3,969.38098,0.019,0.007253443,Sr,1,2,,,,Ce,0.98,4,Yb,0.02,3
SrCe0.98Yb0.02O3,872.14801,0.019,0.010040565,Sr,1,2,,,,Ce,0.98,4,Yb,0.02,3
SrCe0.98Yb0.02O3,774.65399,0.019,0.011719763,Sr,1,2,,,,Ce,0.98,4,Yb,0.02,3
SrCe0.98Yb0.02O3,676.492,0.019,0.012273725,Sr,1,2,,,,Ce,0.98,4,Yb,0.02,3
SrCe0.98Yb0.02O3,578.27502,0.019,0.012239102,Sr,1,2,,,,Ce,0.98,4,Yb,0.02,3
SrCe0.98Yb0.02O3,480.401,0.019,0.01220448,Sr,1,2,,,,Ce,0.98,4,Yb,0.02,3
SrCe0.98Yb0.02O3,382.59698,0.019,0.011858253,Sr,1,2,,,,Ce,0.98,4,Yb,0.02,3
SrCe0.98Yb0.02O3,284.922,0.019,0.011460093,Sr,1,2,,,,Ce,0.98,4,Yb,0.02,3
SrZr0.9Y0.1O3,1200,0.019,0.001379953,Sr,1,2,,,,Zr,0.9,4,Y,0.1,3
SrZr0.9Y0.1O3,1072,0.019,0.001379953,Sr,1,2,,,,Zr,0.9,4,Y,0.1,3
SrZr0.9Y0.1O3,974,0.019,0.001505403,Sr,1,2,,,,Zr,0.9,4,Y,0.1,3
SrZr0.9Y0.1O3,876,0.019,0.002383554,Sr,1,2,,,,Zr,0.9,4,Y,0.1,3
SrZr0.9Y0.1O3,778,0.019,0.004265308,Sr,1,2,,,,Zr,0.9,4,Y,0.1,3
SrZr0.9Y0.1O3,680,0.019,0.009157867,Sr,1,2,,,,Zr,0.9,4,Y,0.1,3
SrZr0.9Y0.1O3,582,0.019,0.022706492,Sr,1,2,,,,Zr,0.9,4,Y,0.1,3
SrZr0.9Y0.1O3,483,0.019,0.038726486,Sr,1,2,,,,Zr,0.9,4,Y,0.1,3
SrZr0.9Y0.1O3,386,0.019,0.041787472,Sr,1,2,,,,Zr,0.9,4,Y,0.1,3
SrZr0.9Y0.1O3,288,0.019,0.041411121,Sr,1,2,,,,Zr,0.9,4,Y,0.1,3
LaGa0.8Mg0.2O3,799.27,0.02,0.0010704,La,1,3,,,,Ga,0.8,3,Mg,0.2,2
LaGa0.8Mg0.2O3,601.97,0.02,0.00095087,La,1,3,,,,Ga,0.8,3,Mg,0.2,2
LaGa0.8Mg0.2O3,403.64,0.02,0.0010374,La,1,3,,,,Ga,0.8,3,Mg,0.2,2
LaGa0.8Mg0.2O3,203.19,0.02,0.0010594,La,1,3,,,,Ga,0.8,3,Mg,0.2,2
LaGa0.8Mg0.2O3,50.429,0.02,0.0012435,La,1,3,,,,Ga,0.8,3,Mg,0.2,2
La0.9Sr0.1AlO3,1200,0.019,0.000185793,La,0.9,3,Sr,0.1,2,Al,1,3,,,
La0.9Sr0.1AlO3,1069,0.019,0.000173407,La,0.9,3,Sr,0.1,2,Al,1,3,,,
La0.9Sr0.1AlO3,971,0.019,0.000173407,La,0.9,3,Sr,0.1,2,Al,1,3,,,
La0.9Sr0.1AlO3,872,0.019,0.000247724,La,0.9,3,Sr,0.1,2,Al,1,3,,,
La0.9Sr0.1AlO3,775,0.019,0.000309655,La,0.9,3,Sr,0.1,2,Al,1,3,,,
La0.9Sr0.1AlO3,676,0.019,0.000421131,La,0.9,3,Sr,0.1,2,Al,1,3,,,
La0.9Sr0.1AlO3,578,0.019,0.00055738,La,0.9,3,Sr,0.1,2,Al,1,3,,,
La0.9Sr0.1AlO3,479,0.019,0.000668856,La,0.9,3,Sr,0.1,2,Al,1,3,,,
La0.9Sr0.1AlO3,381,0.019,0.000718401,La,0.9,3,Sr,0.1,2,Al,1,3,,,
La0.9Sr0.1AlO3,285,0.019,0.000842263,La,0.9,3,Sr,0.1,2,Al,1,3,,,
